,es,pt
0,min,min
1,por,por
2,confirmar,confirmar
3,i,i
4,actuacin,funes
5,un,um
6,periodo,perodo
7,de,da
8,inhabilitacin,inibio
9,x,x
10,talonario,livro
11,cheques,cheques
12,xi,xi
13,tarjeta,carto
14,cheque,cheques
15,crdito,crdito
16,xiv,xiv
17,partida,certido
18,nacimiento,nascimento
19,xv,certido
20,matrimonio,casamento
21,secretara,secretrio
22,tel,tel
23,.,.
24,h,hs
25,lower,lower
26,hatch,hatch
27,stret,stret
28,dubln,dublin
29,merion,merion
30,aparecer,comparecendo
31,testigo,de
32,ante,juzo
33,tribunal,tribunal
34,octubre,outubro
35,la,da
36,aceptacin,recepo
37,donaciones,donativos
38,animas,animos
39,superiores,superiores
40,a,a
41,prohibida,proibida
42,y,e
43,donacin,donativo
44,debe,","
45,ser,um
46,entregada,ajudar
47,standards,comiso
48,in,normalizao
49,public,administrao
50,comision,pblica
51,recepcin,recepo
52,el,o
53,traslado,traslado
54,aeropuerto,aeroporto
55,hotel,hotel
56,viceversa,viceversa
57,cargo,cargo
58,los,funcionrios
59,asistentes,participantes
60,desde,por
61,fiscala,acusao
62,o,ou
63,defensa,defesa
64,decir,dizer
65,",",","
66,que,que
67,al,de
68,acusado,acusado
69,pueden,pode
70,cualquier,em
71,persona,pesoa
72,tenga,que
73,informacin,como
74,sirva,em
75,como,condadomunicipal
76,delito,crime
77,en,em
78,pendientes,cheia
79,no,no
80,hay,h
81,ningn,ningum
82,juez,juiz
83,corte,juzo
84,para,para
85,atender,tratar
86,an,an
87,sochna,sochna
88,garda,policial
89,investiga,investiga
90,delitos,crimes
91,presentacin,apresentao
92,declaraciones,depoimentos
93,electores,eleitores
94,circunscripcin,eleitoral
95,deben,ser
96,atestiguadas,testemunhadas
97,pblico,pblico
98,miembro,membro
99,representante,advogado
100,potestad,autoridade
101,local,local
102,decidir,decidir
103,si,","
104,expide,no
105,tarjetas,cartes
106,electorales,eleitorais
107,nacionalidad,eleitores
108,requisito,requisito
109,votar,votar
110,unas,cerca
111,eleciones,eleies
112,locales,locais
113,cmara,dos
114,diputados,deputados
115,senado,senado
116,repblica,repblica
117,cena,jantar
118,palacio,palcio
119,sala,senado
120,dei,dei
121,parlamenti,parlamenti
122,del,no
123,montecitorio,montecitorio
124,almuerzo,almo
125,bufet,bufet
126,fecha,data
127,gasto,despesas
128,una,que
129,orden,despacho
130,ministro,ministro
131,antes,antes
132,las,das
133,entre,os
134,das,pelo
135,cumplimento,referncia
136,septiembre,setembro
137,anterior,anterior
138,entrada,entrada
139,vigor,vigor
140,censo,cadernos
141,autoridades,autoridades
142,inclusin,suplementar
143,dos,duas
144,despus,aps
145,caso,caso
146,decisin,deciso
147,emprender,no
148,judiciales,acusao
149,muy,muito
150,importante,para
151,entablar,decidirse
152,acin,procesar
153,declaracin,testemunha
154,anual,para
155,candidato,faz
156,entidad,instituio
157,certificado,certificado
158,todas,todas
159,fueron,foram
160,cuenta,conta
161,con,de
162,fines,uma
163,polticos,polticos
164,describe,descreve
165,efectos,seguintes
166,tenido,teve
167,sobre,sobre
168,vctima,vtima
169,junta,defensoria
170,asistencia,ajuda
171,legal,representando
172,abogado,advogado
173,sin,por
174,alguno,sem
175,normativas,lidar
176,rigurosas,as
177,tratamiento,histrico
178,expedientes,aconselhamento
179,counseling,contiver
180,papeleta,de
181,corespondiente,questo
182,cada,cada
183,contiene,ou
184,lista,lista
185,suplentes,suplentes
186,equipo,equipe
187,departamento,diviso
188,abogados,advogados
189,representa,representa
190,dp,dp
191,cortes,tribunais
192,tanto,portanto
193,solicitar,pedir
194,permita,depoimentos
195,tomar,da
196,jurada,legal
197,juicio,testemunha
198,pueblo,povo
199,irlanda,irlanda
200,comenzado,comeou
201,ha,sido
202,revisin,reviso
203,judicial,procese
204,impedir,impedir
205,se,se
206,prosiga,v
207,oficina,noso
208,rene,rene
209,vctimas,participaes
210,discutir,discutir
211,est,esteja
212,listo,pronta
213,seguir,ir
214,fin,da
215,garantizar,garantir
216,ms,mais
217,amplia,mais
218,participacin,participao
219,debate,debate
220,presidencia,presidncia
221,intervencin,pronto
222,nmero,ou
223,mxima,tempo
224,base,funo
225,comparecer,a
226,edad,at
227,circunstancias,circunstncias
228,personales,pesoais
229,sospechoso,suspeito
230,compensacin,quaisquer
231,podr,pode
232,pudiera,valor
233,consecuencia,recebido
234,civil,civil
235,mismo,forma
236,nombre,nome
237,borador,projeto
238,cuestin,questo
239,puedan,na
240,febrero,ano
241,enva,enviada
242,estado,estado
243,confirmacin,confirmao
244,dobles,dupla
245,candidaturas,candidaturas
246,elega,elegeu
247,eurodiputados,deputados
248,primeras,primeiras
249,directas,diretas
250,pero,mas
251,este,este
252,redujo,reduzido
253,proceso,que
254,resultado,resultado
255,rige,rege
256,incluye,contm
257,principalmente,","
258,disposiciones,nas
259,legales,lei
260,siguientes,seguintes
261,ley,da
262,libertad,de
263,nicamente,a
264,dominio,registros
265,administracin,poder
266,general,geral
267,podrn,podem
268,electoral,eleitoral
269,establece,define
270,lmite,limite
271,europeas,europeias
272,gastos,despesas
273,polticas,polticos
274,miembros,membros
275,autoridad,local
276,partidos,poltico
277,terceros,","
278,candidatos,candidatos
279,lnea,linha
280,servicio,um
281,apoyo,de
282,tambin,tambm
283,puede,pode
284,facilitar,facilitar
285,datos,detalhes
286,contacto,contato
287,otros,outros
288,servicios,servios
289,presentada,da
290,partido,registado
291,poltico,poltico
292,nombres,nomes
293,presentados,apresentado
294,esa,crculo
295,mximo,nomes
296,leva,leva
297,distrito,juzo
298,deciden,concordar
299,proseguir,procesar
300,enjuiciamiento,direo
301,enjuiciar,procesar
302,menos,que
303,graves,graves
304,toma,toma
305,denunciado,informou
306,expediente,histrico
307,cantidad,mxima
308,procedente,cpia
309,fuente,fonte
310,realizada,feita
311,haya,tenha
312,implicado,envolvido
313,original,original
314,reunin,reunio
315,celebra,pr
316,investigacin,investigar
317,acusacin,acusao
318,litigante,atuando
319,normalmente,ou
320,seis,seis
321,semanas,semanas
322,su,depsito
323,solicitud,requerente
324,queja,reclamao
325,tramitada,procesada
326,nuestra,internet
327,complaints,poltica
328,policy,reclamaes
329,pgina,w
330,vacante,vaga
331,primera,escolha
332,posicin,constante
333,pertinente,relevante
334,siempre,sempre
335,elegida,elegvel
336,dese,pretende
337,votacin,eleio
338,modalidad,especial
339,hospitales,internados
340,centros,semelhante
341,colegio,asembleia
342,debido,devido
343,enfermedad,doena
344,discapacidad,incapacidade
345,hospital,hospital
346,retirar,vtima
347,consentimiento,vai
348,momento,momento
349,notificar,vtima
350,decide,decidir
351,consta,abrangem
352,documentos,identificao
353,evidencia,provas
354,exista,concretas
355,tales,","
356,fotografas,fotografias
357,conlevan,acaretam
358,penas,penas
359,hasta,prximas
360,cadena,priso
361,perpetua,perptua
362,algunos,cmara
363,acogida,montecitorio
364,quirinal,quirinal
365,asimismo,informamos
366,fiscal,promotor
367,presentar,tese
368,han,deram
369,ver,ver
370,alteradas,influenciadas
371,trabajan,governamentais
372,fuera,conhecer
373,familiar,","
374,doctores,mdicos
375,acusada,acusada
376,sociales,sociais
377,representacin,dp
378,sus,seus
379,ayuda,ajuda
380,testigos,testemunhas
381,alergias,alergias
382,alimentarias,alimentares
383,cierto,foram
384,habitaciones,reservados
385,reservadas,preos
386,especial,criminal
387,varios,","
388,hoteles,sede
389,buf,bufet
390,da,dia
391,despedida,despedida
392,presidenta,presidente
393,pabeln,pavilho
394,ferero,ferero
395,ofrecido,oferecido
396,cambio,alteraes
397,direcin,morada
398,adems,o
399,invita,convida
400,pas,pas
401,decisiones,decises
402,adquisin,respeito
403,consideracin,seja
404,principio,fundamental
405,inters,interese
406,superior,superior
407,nio,superior
408,hecho,sob
409,habiendo,de
410,dado,autorizar
411,antecmara,antecmara
412,entrega,entregue
413,firmar,asinar
414,cual,da
415,compromete,vai
416,obedecer,para
417,relacin,tratar
418,utilizarlo,mesmo
419,estricta,mais
420,recuento,contagem
421,abrirse,os
422,votantes,eleitores
423,especiales,especiais
424,presencia,no
425,coreo,corespondncia
426,apoderados,auxilie
427,resto,os
428,noviembre,novembro
429,ao,fevereiro
430,publica,a
431,disposicin,publicado
432,internet,website
433,ie,ie
434,as,bem
435,bibliotecas,biblioteca
436,oficinas,","
437,conforme,amparo
438,constitucin,constituio
439,jueces,juzes
440,son,so
441,analizar,avaliar
442,solidez,consistncia
443,pruebas,provas
444,debemos,temos
445,tener,representado
446,consideramos,que
447,factores,tais
448,gravedad,gravidade
449,considerar,considerar
450,intereses,intereses
451,incluyendo,incluindo
452,seguimos,seguimos
453,directrices,diretrizes
454,nuestras,nosas
455,preguntarnos,interogarnos
456,suficientemente,tm
457,slidas,suficiente
458,aciones,constituir
459,apartamento,apartamento
460,aunque,mesmo
461,solicitudes,pedidos
462,suplemento,suplementar
463,presentarse,apresentar
464,referndum,referendos
465,elector,eleitor
466,vez,vez
467,constar,de
468,requisitos,informarse
469,pesar,disto
470,algunas,algumas
471,esto,isto
472,desean,querem
473,sostiene,apoia
474,convicin,firmemente
475,objetivos,outrosim
476,agenda,na
477,onu,onu
478,e,se
479,todos,todos
480,gobiernos,governos
481,pases,pases
482,comprometerse,comprometeremse
483,consecucin,realizao
484,legislacin,as
485,cambios,lei
486,efectuados,","
487,establecen,definem
488,funcin,separados
489,trabajos,sero
490,desarolarn,realizadas
491,nuova,nuova
492,aula,aula
493,grupi,grupi
494,censales,registo
495,respalden,suportem
496,derecho,direito
497,ejemplo,se
498,naturalizacin,de
499,dichas,as
500,presentadas,vaga
501,cmaras,cmara
502,irlands,policiais
503,delegaciones,delegaes
504,informar,tero
505,acerca,sobre
506,participantes,participantes
507,necesidades,necesidades
508,alojamiento,pernoite
509,corern,sero
510,escala,nvel
511,nacional,executivo
512,canalizado,canalizadas
513,travs,","
514,inspector,delegado
515,incuridos,incoridas
516,durante,um
517,notificarse,comunicadas
518,inferior,inferior
519,establecido,especificado
520,parlamento,no
521,europeo,parlamento
522,celebran,decorem
523,cinco,cada
524,aos,anos
525,tuvieron,ocoreram
526,norma,decorem
527,mes,com
528,mayo,de
529,contenida,ouvidas
530,mi,no
531,jueza,informaes
532,examinar,avaliar
533,vista,vo
534,extraordinaria,ser
535,relativa,respeitantes
536,elecin,eleio
537,recoge,includas
538,leyes,legislao
539,idiomas,lnguas
540,trabajo,trabalho
541,sern,sero
542,italiano,italiano
543,espaol,espanhol
544,portugus,portugus
545,personas,pesoa
546,identificadas,identificadas
547,letra,letra
548,l,ele
549,junto,em
550,cumplan,estejam
551,meses,meses
552,rehabilitadas,falncia
553,facultades,esto
554,uso,uso
555,figuran,constem
556,incluidas,registadas
557,tienen,tm
558,referndums,referendo
559,celebren,perodo
560,vigencia,validade
561,necesitan,precisam
562,jurado,jri
563,pueda,a
564,toda,de
565,culpable,culpado
566,reservas,reservas
567,reuniones,reunies
568,previas,permitem
569,fiscales,promotores
570,explicarle,pedir
571,lo,perguntas
572,sucede,acontece
573,sesiones,seses
574,copresididas,co
575,sereni,sereni
576,rosa,rosa
577,maria,maria
578,chile,chile
579,enrique,enrique
580,jaramilo,jaramilo
581,vacantes,vagas
582,derivadas,consequentes
583,dicha,esta
584,imprevistas,surgem
585,cubiertas,prenchidas
586,listas,listas
587,afiliado,filiao
588,vase,ver
589,apartado,seco
590,puestos,lugares
591,electas,eleitas
592,coptacin,coptao
593,asamblea,da
594,poder,poder
595,popular,popular
596,letrado,asesorchefe
597,relaciones,com
598,internacionales,internacionais
599,actualizado,atualizado
600,bolivia,bolvia
601,asuntos,relaes
602,coperacin,coperao
603,angelino,","
604,alfano,alfano
605,honor,honorio
606,conferencia,na
607,italiamrica,amrica
608,enviar,","
609,plazo,prazo
610,diferente,diferente
611,considera,considerase
612,todo,qualquer
613,casos,casos
614,detenimiento,seu
615,cuatro,quatro
616,fijado,dias
617,consejo,conselho
618,ministros,da
619,referencia,participante
620,necesarios,necesrios
621,conseguir,consulado
622,ingreso,entrada
623,visado,visto
624,italianos,italianos
625,asistente,participante
626,entregar,liberar
627,acreditacin,de
628,personal,pesoal
629,aceder,ao
630,salas,salas
631,participar,inteno
632,diversos,aos
633,eventos,eventos
634,participante,participante
635,aceso,eleitoral
636,solo,apenas
637,camera,camera
638,diputati,deputati
639,uficio,uficio
640,stampa,stampa
641,familia,famlia
642,motivos,justificaes
643,pedirnos,reviso
644,menor,anos
645,levar,convidados
646,tres,trs
647,ciertas,certas
648,charles,charles
649,tapia,marioti
650,jefe,diviso
651,gerencia,diretiva
652,unidad,unidade
653,director,do
654,poltica,normas
655,administrativo,parlamentar
656,legada,chegada
657,principal,principal
658,estacin,estao
659,trmini,trmini
660,inscripcin,registro
661,delegados,delegados
662,residentes,residente
663,saber,til
664,esta,esta
665,es,muito
666,puesto,vez
667,procesos,em
668,copresidencia,copresidncia
669,vicepresidenta,vicepresidente
670,italiana,italiana
671,marina,marina
672,claudio,claudio
673,zin,zin
674,vicepresidente,vicepresidente
675,di,di
676,giorgi,giorgi
677,vctor,vctor
678,presidente,asembleia
679,comisin,comiso
680,exteriores,exteriores
681,pier,pier
682,casini,casini
683,congreso,do
684,per,promovido
685,laura,laura
686,boldrini,boldrini
687,pietro,pietro
688,graso,graso
689,inicio,comeando
690,cmo,como
691,organizada,escritrio
692,revisan,juzes
693,apelaciones,recursos
694,puedo,poso
695,contactar,o
696,resumen,das
697,tomada,deciso
698,foro,frum
699,revisiones,reviso
700,elige,eleitos
701,dar,autorizao
702,completa,completa
703,tenerse,tomado
704,s,sim
705,diferencias,so
706,tomamos,tomamos
707,dil,dil
708,representantes,representantes
709,seanad,seanad
710,turnarse,comparecendo
711,rebatir,juzo
712,podra,pode
713,estresante,estresante
714,mayora,muitas
715,finalizacin,concluso
716,consejos,conselhos
717,condado,pelo
718,ayuntamientos,condado
719,oportuno,","
720,recordar,apropriado
721,sostenible,sustentvel
722,igualdad,a
723,gnero,gnero
724,calidad,de
725,crecimiento,sustentvel
726,responsable,responsabilidade
727,salvaguarda,e
728,terestre,","
729,ecosistema,do
730,marino,ecosistema
731,propuestos,nomeados
732,asignan,atribuem
733,automticamente,automaticamente
734,veredicto,veredicto
735,obstante,entanto
736,realizndose,procesaro
737,ltimo,estados
738,tiene,tm
739,embargo,","
740,hacer,informaes
741,presente,trabalhando
742,pblicos,pblicos
743,escribir,escrever
744,reportaje,que
745,conduzca,as
746,revelacin,facultar
747,consecuencias,consequncias
748,debera,deve
749,lmites,limites
750,establecidos,estabelecidos
751,le,enquanto
752,medidas,os
753,impide,de
754,hablarle,sobre
755,ordinario,normal
756,entrar,","
757,mucha,muito
758,presin,tenso
759,daos,danos
760,morales,perturbao
761,usted,se
762,preguntas,voc
763,escrito,escrito
764,indagar,dp
765,reducin,uma
766,desigualdades,desigualdades
767,econmico,e
768,inclusivo,inclusivo
769,lucha,luta
770,contra,recorer
771,pobreza,pobreza
772,gobernanza,governana
773,mapamondo,mapamondo
774,senadores,senadores
775,prensa,jornalistas
776,revelamos,damos
777,salida,de
778,lugar,local
779,organizar,marcar
780,primer,maior
781,parlamentario,itlia
782,latina,latina
783,caribe,","
784,medio,meio
785,compartido,participativo
786,expertos,especialistas
787,identificacin,so
788,cuestiones,principais
789,principales,questes
790,conciernen,envolvem
791,recursos,recursos
792,continuacin,","
793,final,final
794,procesables,juiz
795,sumarios,sumrios
796,dependiendo,dependendo
797,sospechosa,suspeita
798,cometer,cometer
799,desarolo,desenvolvimento
800,circulacin,circulao
801,hacia,solidariedade
802,ocupaciones,determinadas
803,incompatibles,incompatveis
804,funcionarios,funcionrios
805,instituciones,de
806,ue,ue
807,tiempo,na
808,completo,permanente
809,fuerzas,foras
810,armadas,armadas
811,determinado,determinado
812,trabaja,trabalhando
813,reside,de
814,enlace,ligao
815,comunicaciones,vtimas
816,deber,deve
817,formulario,formulrio
818,dentro,no
819,comunique,for
820,disponibles,disponveis
821,existe,boa
822,probabilidad,posibilidade
823,razonable,razovel
824,escribirnos,escrevernos
825,solicitarnos,pedirnos
826,carta,da
827,motivo,motivo
828,relenar,prencher
829,unit,vtimas
830,diplomticos,diplomatas
831,irlandeses,irlandeses
832,destinados,destacados
833,extranjero,estrangeiro
834,esposasparejas,respectivos
835,civiles,parceiros
836,censados,inscritos
837,direciones,morada
838,optar,poder
839,directora,diretora
840,palabras,palavras
841,finales,finais
842,divulgacin,divulgao
843,documentacin,documentao
844,realizar,durante
845,nuevo,total
846,alterarse,dos
847,papeletas,onde
848,contar,no
849,mdico,mdico
850,rpida,socoro
851,mortales,fatais
852,donde,local
853,muerte,morte
854,producido,data
855,eventualidades,posvel
856,ni,no
857,pretende,no
858,asesora,asesoria
859,ela,ela
860,uno,dos
861,lamarn,testemunhas
862,pose,das
863,legislativa,competncias
864,presupuestaria,oramentais
865,legislativo,quais
866,desempea,desempenha
867,papel,o
868,determinar,na
869,supervisar,na
870,determina,calculado
871,dividiendo,","
872,total,total
873,sumando,e
874,elos,eles
875,decidirn,analisaro
876,sentencia,uma
877,excesivamente,indevidamente
878,indulgente,sentena
879,consideran,acreditarem
880,cometi,cometeu
881,eror,ero
882,tan,prolatar
883,leve,leve
884,lamar,podem
885,preste,acusado
886,testimonio,testemunhar
887,solamente,eles
888,permite,haver
889,eliminacin,eliminao
890,celebrarn,realizadas
891,subdivisiones,crculos
892,ampliar,ese
893,esos,prazo
894,televisin,de
895,pedir,pedirlhe
896,partir,a
897,aplicar,solicitar
898,obtener,mais
899,adelanto,adiantamento
900,transportarse,viajar
901,extravo,perda
902,necesario,teste
903,dirigirse,dirigirse
904,mostrador,recepo
905,sexuales,sexuais
906,ofrecer,para
907,cordinarle,diso
908,antelacin,antes
909,leves,menos
910,indicar,darme
911,violencia,diversas
912,incluyan,incluir
913,disponible,disponvel
914,muchos,maioria
915,implicar,implica
916,distribucin,formulrios
917,formularios,formulrio
918,hogares,para
919,menores,e
920,problemas,de
921,aprendizaje,aprendizagem
922,utilizar,podem
923,videolink,videolink
924,decida,decidir
925,otro,como
926,slo,","
927,enmienda,alterao
928,republica,repblica
929,dominicana,dominicana
930,mxico,mxico
931,encuentro,encontro
932,sergio,sergio
933,becker,becker
934,piaza,piaza
935,cargos,indiciar
936,cometido,cometer
937,sido,a
938,estar,estar
939,ermete,ermete
940,realaci,realaci
941,pblica,procuradorgeral
942,esperamos,ajude
943,informativo,informativo
944,foleto,livreto
945,til,","
946,procesamiento,proceso
947,sitio,noso
948,web,website
949,w,w
950,estos,seguintes
951,informes,relatrios
952,ayudarn,ajudaro
953,tarea,tarefa
954,responsabilidad,responsabilidade
955,global,global
956,nadie,ningum
957,colectivamente,coletiva
958,solidariamente,solidariamente
959,asegurar,asegurada
960,integridad,integridade
961,posible,posvel
962,ninguna,indicada
963,independiente,tornam
964,huelas,impreses
965,dactilares,digitais
966,manchas,manchas
967,sangre,sangue
968,volver,devem
969,acuerdo,concordar
970,for,promotores
971,prosecutors,pblicos
972,indica,ter
973,hora,horio
974,explica,referido
975,lenguaje,linguagem
976,funciones,clara
977,ingls,faz
978,cuaderno,livreto
979,sencilo,simples
980,consentir,utilizarem
981,penal,penal
982,responder,trata
983,situaciones,situaes
984,plantean,posveis
985,frecuencia,contudo
986,abarca,mais
987,posibles,posveis
988,ambos,estes
989,cdigos,dois
990,prcticas,conduta
991,ayudan,ajudam
992,asegurarnos,asegurar
993,justas,justas
994,coherentes,consistentes
995,acto,evento
996,colateral,paralelo
997,excedente,excedentes
998,pila,lote
999,transferibles,transferveis
1000,milones,milhes
1001,comicios,votao
1002,expresa,indicada
1003,solidaridad,","
1004,asocia,e
1005,unidos,unidos
1006,mexicanos,mexicanos
1007,falta,falta
1008,razn,devido
1009,comn,comum
1010,foto,com
1011,bsicos,chave
1012,fax,fax
1013,email,email
1014,aloja,hotel
1015,fiables,fiveis
1016,suficientes,suficientes
1017,demostrar,provar
1018,expresin,da
1019,voluntad,dos
1020,pueblos,povos
1021,promover,encorajamento
1022,mayor,dos
1023,favorecer,mais
1024,ciudadanos,cidados
1025,facilitando,apresentando
1026,mediante,despacho
1027,francs,francs
1028,conocer,a
1029,dan,culpada
1030,acabar,","
1031,identidad,identidade
1032,funcionaria,funcionria
1033,funcionario,funcionrio
1034,profesionales,profisionais
1035,flix,flix
1036,ortelado,fernando
1037,zorila,ortelado
1038,the,gabinete
1039,of,do
1040,prosecutions,procuradorgeral
1041,infirmary,infirmary
1042,road,road
1043,votante,eleitor
1044,censado,registado
1045,subdivisin,crculo
1046,residencia,residncia
1047,entregado,liberado
1048,existen,comprovativos
1049,resultados,resultados
1050,derivados,ocore
1051,tipos,diferentes
1052,circuito,tribunal
1053,diferentes,tipos
1054,criminales,criminais
1055,claro,claro
1056,procesado,infrator
1057,condenado,condenado
1058,punido,punido
1059,algn,um
1060,recordamos,informamos
1061,pondr,oferecer
1062,ida,e
1063,parlamentarios,parlamentares
1064,razones,razes
1065,seguridad,algum
1066,debern,devero
1067,someterse,pasar
1068,controles,segurana
1069,pasando,pasagem
1070,discapacidades,incapacidade
1071,comunidades,comunidades
1072,conocida,europeias
1073,interpretacin,interpretao
1074,introducin,introduo
1075,postal,iseno
1076,gratuito,franquia
1077,franqueo,de
1078,costes,custos
1079,significa,significa
1080,examinamos,analisamos
1081,admisibles,admisveis
1082,juzgado,tribunal
1083,har,feito
1084,adecuado,boa
1085,justicia,justia
1086,alegar,que
1087,alguien,algum
1088,aplica,aplicase
1089,tomadas,data
1090,probar,provar
1091,cabo,se
1092,descrito,ou
1093,rgano,de
1094,gobierno,pela
1095,ordenarnos,sobre
1096,incluido,qualificar
1097,obligar,dp
1098,alguna,edifcio
1099,particular,a
1100,generalmente,geralmente
1101,directamente,pesoas
1102,presentes,proceso
1103,beneficios,benefcios
1104,denomina,denominado
1105,contrainterogatorio,reinquirio
1106,ofrecida,oferecido
1107,juan,juan
1108,rafael,rafael
1109,mesa,a
1110,ya,j
1111,n,.
1112,reforma,reforma
1113,peticiones,peties
1114,inhabilitaciones,inibies
1115,letn,leto
1116,provisional,provisoria
1117,luigi,luigi
1118,compagna,compagna
1119,mateo,mateo
1120,renzi,renzi
1121,emigracin,emigrao
1122,defence,inteiro
1123,cuarteles,militares
1124,cuerpo,sochna
1125,polica,foras
1126,retira,ir
1127,instrucin,julgamento
1128,incluso,mesmo
1129,existan,havendo
1130,nos,justificao
1131,preguntado,justificao
1132,resulte,","
1133,exitosa,pode
1134,retrasar,por
1135,mucho,cuidadosamente
1136,ministerio,ministrio
1137,ambiente,ambiente
1138,comunidad,comunidades
1139,montague,montague
1140,court,regional
1141,lane,lane
1142,doctor,mdico
1143,trabajador,social
1144,realizacin,realizao
1145,futura,projeto
1146,proyecto,a
1147,gran,grandes
1148,italia,itlia
1149,amrica,amrica
1150,mana,manh
1151,continuarn,outubro
1152,madama,madama
1153,plaza,piaza
1154,largo,se
1155,queda,no
1156,dilogo,a
1157,adheridos,asim
1158,mutuo,","
1159,intercambio,intensificao
1160,experiencias,experincias
1161,buen,e
1162,plazos,mas
1163,prohibido,fumar
1164,fumar,","
1165,lugares,locais
1166,negocios,negcios
1167,fraudulentos,fraudulentos
1168,deshonestos,desonestos
1169,afectan,afetem
1170,estas,destas
1171,incluyen,incluemse
1172,ocure,em
1173,dicho,o
1174,dosier,liberao
1175,sea,do
1176,podran,jri
1177,sentido,sentido
1178,promueve,facilitar
1179,esfuerzos,internacional
1180,internacional,internacional
1181,restructuracin,sem
1182,soberana,soberana
1183,dilaciones,adiamentos
1184,teniendo,forma
1185,objetivo,propsito
1186,economa,economia
1187,falecido,morido
1188,difunto,acusao
1189,presidenciales,presidenciais
1190,recibir,receber
1191,mnimo,mnimo
1192,tenida,que
1193,domingos,incluindo
1194,viernes,","
1195,nacionales,irlanda
1196,problema,suspeito
1197,afirme,pretende
1198,identificar,identificar
1199,legarn,entraro
1200,previsto,previsto
1201,tren,trem
1202,miln,milo
1203,vuelta,no
1204,visitar,visitar
1205,solicita,pede
1206,hacerlo,fazer
1207,solicitarlos,justificaes
1208,candidatura,candidatura
1209,entregarse,comiso
1210,ofices,um
1211,dichos,os
1212,suelen,","
1213,escuelas,utilizamse
1214,edificios,ou
1215,u,ou
1216,falecida,morido
1217,previa,reunio
1218,obtenida,as
1219,reunir,reunir
1220,censada,registada
1221,otra,outra
1222,paz,de
1223,sino,mas
1224,protecin,proteo
1225,climtico,climticas
1226,corupcin,poltica
1227,tipo,qualquer
1228,tnico,etnia
1229,permitido,permitido
1230,introducir,entrar
1231,armas,armas
1232,interior,tipo
1233,recinto,","
1234,basta,suficiente
1235,crea,acreditar
1236,representarle,voc
1237,sexual,grave
1238,grave,crime
1239,contrainterogarlo,queira
1240,historial,seu
1241,declararse,declararse
1242,inocente,inocente
1243,apelar,a
1244,condena,condenao
1245,empezar,explicando
1246,hechos,refere
1247,interogar,para
1248,trabajar,trabalhar
1249,asegurarse,garantir
1250,enterado,saiba
1251,pormenores,acontecendo
1252,aumento,aumento
1253,importancia,importncia
1254,recuerda,da
1255,normativa,regulamento
1256,refugio,","
1257,lama,visa
1258,humanos,humanos
1259,vulnerabilidad,e
1260,riesgo,segurana
1261,extremo,um
1262,fundamental,que
1263,bilete,ser
1264,trayecto,euros
1265,cuesta,cada
1266,euro,trecho
1267,voto,includas
1268,les,entregue
1269,votan,votam
1270,acompado,acompanhado
1271,proponente,proponente
1272,documento,documento
1273,escrutador,voto
1274,depsito,candidato
1275,control,controlo
1276,realiza,atua
1277,sistema,usar
1278,inspectores,eleitoral
1279,coste,de
1280,asumido,pelo
1281,erario,das
1282,misma,candidata
1283,estipula,como
1284,siguiente,com
1285,modo,que
1286,parte,nome
1287,declarada,considerada
1288,acusa,acusar
1289,haber,tenham
1290,enjuicia,isto
1291,esas,pesoa
1292,revise,revise
1293,considere,considere
1294,posteriores,dentro
1295,dio,pelo
1296,entabla,procesa
1297,veces,vezes
1298,opinin,e
1299,ler,ler
1300,luego,cuidadosamente
1301,suficiente,suficientes
1302,acusar,acusar
1303,efecto,efeito
1304,dobla,o
1305,ocultar,voto
1306,opciones,opes
1307,introduce,opes
1308,urna,numa
1309,selada,selada
1310,opcin,escolha
1311,segunda,segunda
1312,encuentra,caribe
1313,evento,evento
1314,celebrar,audincia
1315,lunes,de
1316,martes,terafeira
1317,registrado,registrou
1318,cultural,em
1319,colofn,o
1320,constituye,da
1321,exhorta,exorta
1322,ila,ila
1323,garanticen,asegurar
1324,derechos,direitos
1325,movilidad,mobilidade
1326,humana,","
1327,trata,tratar
1328,grupos,grupos
1329,atencin,ateno
1330,prioritaria,prioritria
1331,nias,como
1332,nios,e
1333,expresar,expresa
1334,contribuido,contribuio
1335,estados,estados
1336,papa,francisco
1337,francisco,","
1338,cuba,","
1339,votos,votos
1340,negociaciones,a
1341,colombia,colmbia
1342,concluirse,se
1343,reitera,reafirma
1344,latinoamericanas,","
1345,caribeas,residentes
1346,ejemplos,exemplos
1347,admirables,de
1348,respetuosa,respeitosa
1349,valores,como
1350,elementos,itens
1351,esenciales,para
1352,luchar,lutar
1353,formas,formas
1354,verdadera,corupo
1355,comprometiendo,a
1356,parlamentos,dos
1357,transparentes,transparentes
1358,destaca,sublinha
1359,expo,expo
1360,dedicada,dedicada
1361,tema,tema
1362,planeta,nutrir
1363,energa,energia
1364,vida,a
1365,cuya,vida
1366,compacto,cuja
1367,gracias,gras
1368,proporcionado,apoio
1369,latinoamericanos,caribenhos
1370,crucial,primordial
1371,urgencia,absoluta
1372,absoluta,urgncia
1373,aprobar,adotar
1374,programas,programas
1375,sostenibilidad,sustentabilidade
1376,medioambiental,ambiental
1377,catstrofes,naturais
1378,vistas,objetivo
1379,prevenir,evitar
1380,contrarestar,consequncias
1381,articul,articulouse
1382,centradas,que
1383,temas,seguintes
1384,promocin,promo
1385,fundamentales,fundamentais
1386,ciudadana,","
1387,democracia,democracia
1388,conectividad,conectividade
1389,implementacin,a
1390,impacto,impacto
1391,aplicada,dar
1392,basndose,nas
1393,permanecer,ficar
1394,custodia,mantida
1395,prisin,priso
1396,celebre,ocora
1397,bajo,feita
1398,fianza,fiana
1399,primeramente,o
1400,darle,a
1401,admitir,permitir
1402,conexin,conhea
1403,inmediato,imediatamente
1404,aspectos,o
1405,legar,chegar
1406,condiciones,mesmas
1407,establecer,limitando
1408,resolvern,decidem
1409,entonces,","
1410,saln,no
1411,culpabilidad,presumir
1412,rendido,deponha
1413,designa,e
1414,duracin,cerca
1415,horas,horas
1416,publicaciones,publicaes
1417,tiles,teis
1418,hace,o
1419,extravos,perda
1420,equipajes,bagagem
1421,pertenencias,efeitos
1422,solicitante,formulrio
1423,ratificar,confirmar
1424,fechar,datar
1425,selar,carimbar
1426,ciampino,txi
1427,taxi,de
1428,unos,custa
1429,leonardo,txi
1430,centro,vinci
1431,carera,","
1432,precio,custar
1433,euros,euros
1434,minutos,cerca
1435,roma,roma
1436,semana,semana
1437,transcure,ocore
1438,va,precisar
1439,me,para
1440,homicidio,","
1441,culposo,homicdio
1442,acidentes,ou
1443,adultos,adultos
1444,programa,programa
1445,delincuentes,jovens
1446,programe,sochna
1447,tampoco,tambm
1448,interfiere,informao
1449,curso,em
1450,trabaje,governamental
1451,investigaciones,pesquisa
1452,cuando,quando
1453,tome,for
1454,organizacin,organizao
1455,oponerse,obstar
1456,inecesariamente,desnecesariamente
1457,ciudadano,cidado
1458,unido,unido
1459,distinto,que
1460,reino,reino
1461,ordenar,ordenar
1462,quien,deteno
1463,sospeche,suspeita
1464,descripcin,descrio
1465,incorecta,incoreta
1466,insuficiente,insuficiente
1467,dirige,conduz
1468,municipal,municpio
1469,reclamacin,lugar
1470,diciembre,dezembro
1471,abogada,justia
1472,devolver,tudo
1473,agencia,instituio
1474,asisti,vtima
1475,mantener,manter
1476,explicar,explicar
1477,ocurir,acontecer
1478,qu,escrito
1479,denuncia,queixa
1480,deseo,quiser
1481,vaya,para
1482,prestar,fornecer
1483,depende,dependem
1484,procesable,sumrio
1485,sumario,indicivel
1486,vea,ver
1487,pregunta,pergunta
1488,tenemos,tomamos
1489,esperar,uma
1490,editado,contem
1491,cuyos,","
1492,comercial,com
1493,organismos,outros
1494,realice,confirma
1495,directo,comerciais
1496,entra,entra
1497,utiliza,usado
1498,definitivo,final
1499,hacen,iso
1500,votaciones,votao
1501,concluyen,sido
1502,corecta,democrtica
1503,revisor,revisor
1504,anulada,revertida
1505,guardaropa,guardaroupa
1506,consigna,bagagem
1507,ubicado,localizado
1508,vestbulo,na
1509,caduti,caduti
1510,nasiriya,nasiriya
1511,indique,diser
1512,contrainterogarle,reinquirir
1513,encontrar,encontrar
1514,resultar,considere
1515,superintendencia,superintendente
1516,oficial,oficial
1517,rea,aonde
1518,pagar,pagar
1519,muestre,apresente
1520,duda,dvida
1521,declarar,resultados
1522,nulas,totalidade
1523,nuevas,realizadas
1524,ocupar,se
1525,tal,sero
1526,repetirn,realizadas
1527,cifra,valor
1528,aumentarse,adaptado
1529,reducirse,cima
1530,parejas,civis
1531,domicilio,casa
1532,crcel,um
1533,htpsw,htpsw
1534,dnde,onde
1535,srl,os
1536,teravision,custam
1537,schiafini,partir
1538,adquirir,devem
1539,subir,comprados
1540,bordo,embarque
1541,vivan,vivam
1542,encargan,analisados
1543,condados,","
1544,divide,dividido
1545,zonas,reas
1546,combinadas,combinadas
1547,ciudad,cidade
1548,waterford,waterford
1549,coren,suportados
1550,estn,esto
1551,incluidos,estudantes
1552,indicando,indicando
1553,fsicas,fsicas
1554,dificultad,dificuldade
1555,colegios,de
1556,autorizados,autorizados
1557,mejores,acesvel
1558,tercera,terceira
1559,residan,","
1560,etc,etc
1561,marcando,voto
1562,actual,actual
1563,prafo,pargrafo
1564,abajo,pretenderem
1565,len,lem
1566,transcripcin,transcrio
1567,evidencias,depoimentos
1568,poblacin,populao
1569,designados,designados
1570,cathaoirleach,cathaoirleach
1571,alcalde,da
1572,aparecen,aparecem
1573,afiliacin,partidria
1574,logotipo,e
1575,naciones,naes
1576,resolucin,uma
1577,laman,que
1578,negociar,a
1579,pacfica,sobre
1580,disputa,da
1581,georgia,do
1582,sandwich,os
1583,sud,do
1584,representan,instituies
1585,pluralismo,do
1586,desempean,","
1587,democrtica,de
1588,dialctica,uma
1589,poderes,diferentes
1590,demandas,anseios
1591,fijada,apresentarse
1592,frecia,frecia
1593,club,club
1594,eurostar,eurostar
1595,termini,termini
1596,ruega,na
1597,sirvan,mdulo
1598,individual,judicial
1599,julio,julho
1600,usuario,username
1601,contrasea,senha
1602,transcurso,durante
1603,adir,adio
1604,eliminar,eliminao
1605,secretario,escrivo
1606,registro,um
1607,legalmente,promesa
1608,recibirse,recebidos
1609,tarde,ao
1610,censal,autoridades
1611,santo,santa
1612,tratarse,caso
1613,ir,de
1614,acompadas,acompanhado
1615,resueltas,avaliados
1616,aceptan,fins
1617,categoras,grupos
1618,censadas,registo
1619,chaqueta,e
1620,exige,palet
1621,supervisada,por
1622,titular,titular
1623,foletos,panfletos
1624,serie,srie
1625,saludo,boas
1626,mario,vindas
1627,giro,mario
1628,subsecretario,subsecretrio
1629,delegado,","
1630,paolo,paolo
1631,gentiloni,gentiloni
1632,prepara,preparar
1633,presenta,proceso
1634,emisoras,empresas
1635,reporteros,radiodifuso
1636,grficos,fotgrafos
1637,tulo,tulo
1638,profesional,profisional
1639,apelidos,sobrenome
1640,periodistas,jornalistas
1641,incluida,includo
1642,fsica,fsica
1643,persistir,existir
1644,impedirle,asembleia
1645,detalada,detalhadas
1646,labor,do
1647,participaron,encontro
1648,instituto,talolatino
1649,argentina,argentina
1650,ecuador,el
1651,salvador,equador
1652,hait,haiti
1653,panam,panam
1654,paraguay,paraguai
1655,comparte,partilha
1656,conclusiones,concluses
1657,acuerdos,acordos
1658,celebrada,em
1659,bon,bon
1660,pasaporte,pasaporte
1661,iv,profisional
1662,estudiante,fotografia
1663,emitida,iv
1664,educativo,emitido
1665,viaje,estabelecimento
1666,incluya,ensino
1667,cargocometido,cargofuno
1668,rogamos,pedimos
1669,srvanse,que
1670,remitirlo,envie
1671,intervenciones,sejam
1672,escritas,entregues
1673,comienzo,do
1674,reparto,distribuio
1675,cumplimentacin,a
1676,sera,pedimos
1677,entregaran,entregues
1678,probable,no
1679,estudiantes,tempo
1680,domicilios,habitual
1681,viven,habitual
1682,estudian,enquanto
1683,mientras,ter
1684,desplazarse,posam
1685,peticin,uma
1686,ferdinando,ferdinando
1687,consideraciones,consideraes
1688,relenando,prenchendo
1689,trabajamos,trabalhar
1690,acreditativo,e
1691,permitir,ser
1692,polaco,polons
1693,sustente,que
1694,asignara,atribuir
1695,justificado,em
1696,desempleada,desempregado
1697,responde,descritas
1698,proporciona,contm
1699,asesoramiento,aconselhamento
1700,jurdico,jurdico
1701,cautela,se
1702,cualesquiera,por
1703,lesiones,danos
1704,prdida,perdas
1705,ingresos,que
1706,continuar,","
1707,cuidado,procesar
1708,brasil,brasil
1709,solicito,ao
1710,elaboracin,preparao
1711,teritorio,teritrio
1712,obras,obras
1713,talolatinoamericana,latinoamericana
1714,embajador,embaixador
1715,unin,unio
1716,interparlamentaria,interparlamentar
1717,sesin,seso
1718,comparacin,um
1719,palabra,fala
1720,pone,puser
1721,cules,quais
1722,remitida,alterao
1723,posterioridad,aps
1724,admisible,inadmisvel
1725,elegido,eleito
1726,periodista,jornalista
1727,cumpla,violar
1728,reglas,regras
1729,criminal,criminal
1730,cumplido,idade
1731,anuncio,o
1732,finaliza,termina
1733,envan,enviam
1734,terminado,terminado
1735,interogatorio,voc
1736,realizado,concluda
1737,comunicarle,com
1738,cundo,quando
1739,lame,testemunha
1740,descubre,detetado
1741,significativo,significativo
1742,punto,ponto
1743,produjo,ocoreu
1744,cunto,quanto
1745,realizarse,ser
1746,tarda,demora
1747,quin,quem
1748,comunicarme,pode
1749,solicitarle,pedir
1750,apele,contra
1751,demasiado,indevidamente
1752,servir,testemunhar
1753,eurodiputado,dpe
1754,raporti,.
1755,it,it
1756,tardar,mximo
1757,reafirma,reafirma
1758,cumplir,cumprir
1759,compromisos,compromisos
1760,asumidos,asumidos
1761,pars,paris
1762,dedicado,fornece
1763,era,na
1764,globalizacin,globalizao
1765,recomienda,recomendamos
1766,mnima,feito
1767,marinos,marinhos
1768,alberga,presente
1769,regulacin,na
1770,clima,climtica
1771,alimentaria,alimentar
1772,problemtica,aplaude
1773,incorporada,incluso
1774,comidas,refeies
1775,modalidades,regras
1776,preparativos,regras
1777,personan,presencialmente
1778,defender,promover
1779,europea,europeia
1780,residir,residir
1781,habitualmente,efectivamente
1782,censarse,registar
1783,comit,comit
1784,redacin,redao
1785,preparar,elaborao
1786,romamiln,romamilo
1787,rumano,romeno
1788,ruso,ruso
1789,aldo,salo
1790,moro,moro
1791,cavaliere,cavaliere
1792,transferirse,transferido
1793,retirarlo,o
1794,permitidas,permitidas
1795,decidimos,decidirmos
1796,elo,iso
1797,tensin,tenses
1798,superan,excederem
1799,cupo,quota
1800,distribuye,distribudo
1801,contrainterogar,","
1802,estoy,","
1803,prestando,estiver
1804,soy,for
1805,enterar,e
1806,represente,representarme
1807,existir,h
1808,buena,alguma
1809,independientes,independentes
1810,coroboren,depoimento
1811,restantes,restantes
1812,afectar,materialmente
1813,progreso,progreso
1814,restante,restante
1815,eliminado,votos
1816,transfieren,transferidos
1817,elimina,votos
1818,viable,vivel
1819,solicitado,pediu
1820,informe,registro
1821,cumplirse,um
1822,procedimientos,procedimentos
1823,vencimiento,expirao
1824,irean,irean
1825,elegir,pode
1826,declara,considerado
1827,publique,que
1828,ido,ido
1829,esperan,proceso
1830,absuelto,absolvido
1831,origen,privado
1832,recurible,residncia
1833,administrativa,organizao
1834,figurar,descrita
1835,dejar,branco
1836,campo,deixar
1837,equivalente,igual
1838,igual,igual
1839,procede,resultar
1840,ltima,ltimo
1841,transferida,candidato
1842,ese,ese
1843,compuesto,por
1844,ste,","
1845,relevante,relevantes
1846,borar,apaglas
1847,contrainteroguen,reinquirio
1848,cul,deve
1849,faltan,fica
1850,siguen,elegveis
1851,declarados,declarados
1852,electos,conselheiros
1853,aportacin,satisfeito
1854,sela,","
1855,marca,marca
1856,corobore,aps
1857,tribunales,tribunais
1858,suspender,interomper
1859,clasifican,separados
1860,pilas,boletins
1861,desea,quiser
1862,impondr,adulto
1863,medida,advertido
1864,adulto,esquema
1865,esquema,advertncia
1866,ofensas,menores
1867,sean,ser
1868,manera,so
1869,proporcional,","
1870,representar,deve
1871,complicado,claro
1872,contenido,ele
1873,pensar,pensar
1874,futuro,decidir
1875,divulga,o
1876,ayudarle,voc
1877,entender,que
1878,pasa,acontece
1879,suceda,ocora
1880,notificrselo,dizer
1881,nuestro,voc
1882,secin,seco
1883,siguiendo,seguindo
1884,recomendaciones,recomendaes
1885,circunscripciones,eleitorais
1886,seguro,seguro
1887,corer,ficam
1888,seminario,seminrio
1889,embajada,embaixada
1890,phoenix,phoenix
1891,house,house
1892,simultnea,simultnea
1893,indicarse,indicar
1894,intencin,mdulo
1895,confiscacin,confisco
1896,bienes,bens
1897,juicios,juzos
1898,central,criminal
1899,nicos,pode
1900,stephanie,stephanie
1901,hochsteter,hochsteter
1902,skinerkle,skinerkle
1903,talolatino,americano
1904,americano,talolatinoamericano
1905,guatemala,guatemala
1906,subdirector,sub
1907,decididos,analisados
1908,copias,fornecidas
1909,facilitan,cpias
1910,gratuitamente,gratuitas
1911,inscritas,voto
1912,varias,tambm
1913,organizaciones,algumas
1914,ofrecerle,prestar
1915,procuradora,com
1916,encuentre,prprio
1917,consultar,consultar
1918,proteger,privacidade
1919,directa,direta
1920,convencidos,convictos
1921,turnos,tempo
1922,libre,livre
1923,texto,texto
1924,elaboran,compila
1925,transferencia,transferncia
1926,autocar,autocaro
1927,compensaciones,compensao
1928,pida,autorizao
1929,cualquiera,livreto
1930,anteriores,citados
1931,reciba,receba
1932,monetaria,financeiro
1933,abrir,abrir
1934,financiera,financeira
1935,mesas,delegado
1936,tratadas,controlados
1937,fase,determinada
1938,incluir,","
1939,fotografa,fotografia
1940,evitar,ilcitos
1941,grupo,nome
1942,notificaciones,voto
1943,responsables,pelas
1944,sirve,um
1945,juramento,uma
1946,promesa,legalmente
1947,vinculante,por
1948,verdad,a
1949,contribucin,consiste
1950,dinero,dinheiro
1951,propiedades,imveis
1952,postulacin,candidatura
1953,supremo,supremo
1954,conjunto,para
1955,encargarn,o
1956,aparte,constitudo
1957,preferencia,escolha
1958,posterior,subsequente
1959,efectiva,efetiva
1960,objeto,desempenha
1961,conserva,cargo
1962,mismas,as
1963,consejeros,os
1964,mortal,fatal
1965,habr,promotor
1966,impida,impea
1967,instancia,julgador
1968,adelante,proseguir
1969,fija,uma
1970,instalar,mesa
1971,bienvenida,organizada
1972,montar,entrada
1973,distinta,aquele
1974,empleadas,empregada
1975,sola,nica
1976,propuesta,candidatura
1977,postularse,apresentarse
1978,candidata,si
1979,postulada,nomeada
1980,propio,salo
1981,macari,","
1982,imprevista,indireta
1983,cubre,prenchida
1984,cuyo,cujo
1985,ocupa,encontre
1986,encarga,responsvel
1987,especfica,especfica
1988,biblioteca,unidade
1989,finanzas,finanas
1990,generales,gerais
1991,tecnolgica,informao
1992,detales,informaes
1993,atuendo,vesturio
1994,viceministro,viceministro
1995,visita,visita
1996,vino,vinho
1997,degustacin,degustao
1998,vinos,vinhos
1999,espumosos,espumantes
2000,cero,zero
2001,guiada,guiada
2002,rendir,frente
2003,frente,cmera
2004,edificio,","
2005,ponerse,contatar
2006,ariba,acima
2007,publicacin,publicao
2008,dpireland,internet
2009,descargar,obter
2010,d,prestar
2011,determinados,especficos
2012,citacin,para
2013,regreso,volta
2014,alonzo,alonzo
2015,gutirez,gutirez
2016,flores,flores
2017,fi,wifi
2018,ponga,contate
2019,deje,interompa
2020,vital,importante
2021,conozca,tudo
2022,repercutir,resultado
2023,ayuntamientoconsejo,ser
2024,laborables,menos
2025,cabe,de
2026,apelacin,junto
2027,circuit,de
2028,estudios,um
2029,educativa,pas
2030,financiacin,alterao
2031,planificacin,teritrio
2032,perodo,perodo
2033,britnicos,britnicos
2034,concluye,termina
2035,empieza,comea
2036,empleado,funcionrio
2037,categora,titular
2038,designado,designada
2039,b,lei
2040,artculo,da
2041,sanidad,sade
2042,empleo,","
2043,infancia,infncia
2044,expresamente,expresamente
2045,autorizado,autorizado
2046,contralor,controlador
2047,auditor,auditor
2048,nombrado,nomeado
2049,aplicacin,acordo
2050,cuentas,contas
2051,pena,esteja
2052,impuesta,imposta
2053,jurisdicional,jurisdio
2054,competente,competente
2055,municipales,locais
2056,incautacin,aprenso
