es,it
msicos,musicisti
rivera,rivera
poco,poco
delegaciones,delegazioni
serena,sereno
viceregno,viceregno
recientemente,recentemente
consular,consolare
respeto,rispeto
sido,stati
present,presentato
algn,un
centre,nuclaires
muy,quanto
camileri,camileri
secretarios,ministro
musicales,musicali
querido,rifiutare
ricardo,ricardo
tor,tor
dinero,denaro
cupo,quota
condena,senza
educacional,eficiente
destin,devoluto
ofrecen,oportunit
muro,muro
clsica,clasica
articulacin,larticolazione
es,","
financieras,finanziarie
ambmadrid,ambmadrid
estacom,estacom
preguntas,domande
carabinero,carabiniere
janis,janis
bufet,bufet
paquetes,pachi
discapacidad,disabilit
lector,lector
universidad,deluniversit
aspecto,laseto
un,un
teritorial,teritoriale
estudiantes,lambiente
jugador,calciatore
cerebros,cerveli
visitas,visite
colegios,segio
xv,xv
curtis,curtis
votan,in
antigedad,anticamente
primas,materie
centochiodi,quotidiana
generales,generali
investigadores,ricercatori
isabel,isabel
abiertos,aperti
falsa,finta
incluyendo,inclusi
restructuracin,ristruturata
ofertas,oferte
importantsima,importantisima
residente,residente
xix,xix
espejo,alo
hacienda,finanza
sospeche,sospetato
faltarn,mancherano
javier,javier
premiados,premiati
ilustra,ilustra
das,gran
reunir,riunire
anterior,antecedente
nos,molto
puntos,punti
comunicaciones,comunicazioni
lopezdoriga,principato
pertinentes,previsto
adversas,averse
construido,intarsiato
construciones,costruzioni
todas,are
microcrditos,sotintende
navidad,italiani
fuerte,forte
desertificacin,desertificazione
suplemento,suplemento
visin,vedenti
castel,castel
animadsima,lanimatisima
marcha,via
bibliografa,bibliografia
mejores,migliori
resultados,risultati
cabo,lirica
bilateral,bilaterale
mochilas,zaini
montaje,montagio
combina,combina
papa,papa
imprevista,vacante
patronazgo,contare
teremotos,teremoti
juegan,giocano
fuertemente,fortemente
dificultad,dificolt
gobelins,gobelins
literario,leteraria
concentra,concentra
urbano,urbano
dedicarse,dedicarsi
abierta,visitabile
ventotene,ventotene
originalidad,dalesperienza
moralizante,educativo
alfieri,alfieri
preinscripcin,preiscrizione
artculo,dela
asesora,consulenza
final,finale
detencin,ordinare
mastroberardino,mastroberardino
trabaj,lavorato
presidente,presidente
votar,ale
bisnieto,pronipote
nuestra,opure
vacantes,vacanti
lejanos,lontani
econmico,economico
matrimonio,matrimonio
desaroladas,svilupate
sabido,saputo
laboratorio,laboratorio
nosotros,horse
so,so
receptor,ricetore
balsmico,balsamico
marqus,marchese
afecta,aflige
ciclo,ciclo
proprio,proprio
reuni,junta
fotografiar,fotografare
fruto,fruto
europeye,europeye
iluoghidelcuore,iluoghidelcuore
delicado,delicato
residuos,scarti
cruzando,valicando
venecia,venezia
segn,le
constituda,costituita
hace,ai
htpsweb,htpsweb
conseguir,progresar
jesuitas,gesuiti
lujo,quale
que,che
benfico,benefico
talados,intagliati
ambiente,ambiente
becarios,tirocinanti
agencia,agenzia
mens,men
monarqua,monarchia
cork,cork
culturali,culturali
pretenda,instaurare
organizado,organizato
comenz,iniziato
pamphilj,pamphilj
alitaliana,lanciata
renta,redito
cometido,comeso
reflejan,enormi
sib,sib
recordar,ricordare
cabalero,cavaliere
postura,posizione
tomarn,sarano
merecedor,meritevole
preventiva,preventiva
habito,habito
cis,cis
muestra,mostra
organizacin,organizazione
orden,ordine
travs,al
dona,la
fines,scopi
encuentroseminario,incontroseminario
simposio,simposio
nombres,nomi
participantes,partecipanti
periodismo,giornalismo
pensamiento,pensiero
apreciadas,aprezate
milani,memoli
dialogan,dialogano
filipo,filipo
cartn,cartone
profesionales,profesionisti
ciera,conclude
permanente,permanente
asociados,asociati
desfile,sfilata
oscura,oscura
presentadas,consegnate
aldo,aldo
borde,atende
impedimentos,derivanti
necesario,necesaria
luego,poi
crimen,crimine
entregada,consegnate
asociation,asociation
margarita,margherita
humanidad,lumanit
aceptan,acetati
osuna,osuna
amplios,ampi
caus,causato
sudamericana,sudamericana
concluida,delincontro
referndum,referendum
acogido,ospitato
moscoso,moscoso
votante,leletore
ministro,ministero
luces,venute
recalificacin,riqualificazione
incremente,incremento
enriquecida,arichita
alma,anima
transformar,trasformare
asociar,asociare
guido,guido
teco,","
divanes,divani
comunes,comuni
cavour,cavour
top,top
cumbre,vertice
buen,buon
requieran,richiedano
acreditacin,consolato
scala,scala
educativo,studente
contextualizado,contestualizato
sardo,sardo
adems,esteri
constitucionales,costituzionali
comisiones,delunione
colezioni,colezioni
lavar,lavagio
exterminio,sterminio
complecin,atenzione
potencialmente,potenzialmente
ruedas,ruote
firmes,saldisimi
destinadas,adibite
grado,grado
eran,erano
fuga,la
vilars,girona
coren,gestione
capacidad,capacit
colegio,segio
estn,stano
octubre,otobre
celebra,celebra
introducido,introdoto
polticas,politiche
heroico,eroico
sabado,sabato
propone,propone
vivan,vivono
poesa,poesia
taraceas,intarsi
asedio,lasedio
anexo,alegato
neoclasicismo,neoclasicismo
rococ,rococ
centro,centro
vigor,vigore
giulio,giulio
nuevos,nuove
importancia,importanti
particip,partecipato
delevigne,delevigne
facilitar,fornire
traducin,traduzione
carta,carta
alarma,delalarme
paris,paris
equipos,squadre
traernos,loriginale
nocentini,nocentini
recomendaciones,racomandazioni
corado,corado
cordioli,cordioli
hoy,ogi
dirige,presiede
creativas,creative
ejercicio,esercizio
carabineros,carabinieri
curso,corso
expresan,esprimono
fashion,fashion
fundamental,fondamentale
telefnica,telefonico
incorecta,inesata
altavila,altavila
forza,forza
learning,operatori
contacto,contato
corte,delepoca
monti,monti
muestran,mostrano
privadas,private
damas,damas
publicaciones,publicazioni
persona,persona
gazich,gazich
elige,elezione
contractuales,contratuali
central,principale
infinito,infinito
guarino,guarino
pena,pena
amorcilos,alcuni
entornos,queste
comon,comon
rampa,dopia
identidad,didentit
spagna,spagna
vas,vie
menorca,brava
premios,premi
realizados,realizati
cuales,quali
ensayista,sagista
planeta,pianeta
c,c
seguimos,sempre
armoniza,parato
presentadores,presentatori
angelitos,angioleti
consecutivas,consecutive
mengoni,mengoni
diez,arazi
why,why
emblemtico,celebre
sostienen,sostengono
grutescas,grotesche
formatos,formati
caza,cacia
frecuencia,frequenza
eunic,deleunic
nominativa,prenotazione
potencial,potenziale
avogadro,avogadro
reducin,riduzione
electoral,eletorale
austeridad,austero
cuidado,latenzione
jardn,giardino
misma,stesa
estratgicos,strategici
antica,antica
lorenzo,lorenzo
fiesta,festa
opcin,di
mibac,mibac
marchione,sergio
arquitectnica,architetonica
transporte,trasporti
martes,marted
nara,nara
estratgicas,strategiche
depositarse,depositate
turner,turner
etc,ec
farneto,farneto
elo,fine
picolo,picolo
metros,metri
contradiciones,contradizioni
evangelistas,evangelisti
seguridad,sicureza
entregados,consegnati
project,project
sen,sen
ducado,ducato
your,your
mitad,met
colaborar,colaborare
adornan,adornano
seguido,continuato
unin,lunione
creazione,creazione
francesco,francesco
vivant,vivant
thysen,thysen
sta,questo
triloga,trilogia
circo,circo
precios,prezi
notificarse,comunicate
empresarial,impresariale
registration,registration
historias,storie
diseados,disegnati
funcional,funzionale
rodrguez,padre
ofreci,oferto
pase,avr
ren,ren
bajo,publico
arenosas,aridi
sabino,sabino
lasale,lasale
bertel,bertel
certeza,certeza
tulio,tulio
famosos,famosi
pasaporte,canone
entomolgicas,entomologiche
canceladas,anulate
development,development
marqueses,marchesi
sinuosos,cornici
detenido,fermato
ford,for
galeristas,galeristi
consolidado,consolidato
moderacin,misura
prosperidad,prosperit
mnimo,prima
moder,moderato
documentos,documenti
alcaldesa,sindaco
stephens,south
tuvo,svolta
creados,napoleone
manifiesta,manifesta
contibuyendo,contribuendo
multidisciplinar,multidisciplinare
destac,sugestiva
virtual,virtuale
profesor,profesor
ue,ue
dispone,vietato
favor,nota
observan,oservano
university,consultivo
adopt,adotato
duros,duri
ciudadana,citadinanza
dejando,lasciando
in,in
proceden,proviene
miriam,miriam
esfuerzo,sforzo
madrina,madrina
bareras,bariere
pintadas,dipinte
enher,enher
touring,atraverso
ciegos,ciegos
italianoespaol,complutense
socio,estero
tejida,tesuta
significativamente,significativamente
creatividad,creativit
casos,casi
control,controlo
comienzo,linizio
ricerca,ricerca
lucio,lucio
producida,prodota
ocic,ocic
amadeo,amedeo
coraceros,salone
perici,che
universo,esteso
saber,una
ediciones,edizioni
relativos,titolare
extranjeros,stranieri
perodo,partire
prioridad,priorit
ricos,richi
parlamentarios,parlamentari
situacin,desiderano
coro,coro
lanzada,lanciata
cuniberto,cuniberto
solo,solo
arts,arts
poltico,politico
acdemico,academico
establece,inoltre
normal,normale
criminales,criminali
mitao,mitao
ayuden,idonei
joyera,heritage
breas,borea
miur,miur
algunas,alcune
duracin,durata
eurocargo,eurocargo
selecionar,determinato
secreto,segreto
artesanos,artigiani
operan,partono
previsin,previdenza
locales,locale
cuanto,apena
dpr,dpr
opinin,opinione
cargo,ruolo
networking,networking
manager,manager
inmigracin,imigration
tambin,anche
espa,espa
personalidad,personalit
acesorios,acesori
tmperas,dipinte
podrn,posono
noches,sera
fax,fax
contiguas,contigue
pienso,detenuti
internacionales,internazionali
promoviendo,promuovendo
garantizar,garantire
acostumbra,cocktail
bini,bini
festivos,festivit
nazionale,nazionale
realidad,realt
farnesina,farnesina
amboage,amboage
w,w
estrecho,streto
europeos,europei
estndares,standard
celebran,tiene
british,library
expandiendo,presenza
esa,una
crisis,crisi
fmr,darte
dispuestas,disposte
disfraces,maschera
columnas,colone
pauluci,pauluci
antes,liste
virgilio,virgilio
superfluo,superfluo
sacar,far
westminster,westminster
honorario,onorario
gasto,spesa
desvel,luce
transversalidad,trasversalit
aconsejado,consigliato
ilustrada,ilustrata
boconiani,boconiani
jurdicos,giuridici
alterarse,lordine
frontera,mediteranea
ex,lex
sioi,sioi
tocar,fumare
hasta,al
empoderamiento,empowerment
cielo,incorona
siquiera,nepure
guas,guide
alighieri,alighieri
secreter,secrtaire
staderini,staderini
amplio,ampio
pasilo,alepoca
contaminaciones,contaminazioni
este,questo
autores,autori
maran,maraon
sector,setore
fronteras,confini
marcos,entro
otorgada,imposta
deben,devono
derivadas,derivate
temticas,retos
rita,rita
profundizando,aprofondendo
think,tank
viejo,vechio
rusomano,rusomano
poemas,poemi
multimedia,multimediale
reuniones,incontri
lenar,riempir
armani,armani
necesarios,necesari
bilbana,bilbaina
sn,sn
round,round
ir,esere
latz,latz
instituto,istituto
conquista,conquista
dialecto,dialeto
encuentrodilogo,incontrodialogo
fue,vice
vase,vedere
aristocrticos,aristocratiche
datan,dorato
laurel,daloro
inscritas,inclusi
prncipes,asturie
preciosas,preziose
deroche,sprechi
afn,voglia
campa,campagna
distrito,distreto
recibidas,ricevute
homlogo,omologo
napolenico,napoleonico
participarn,parteciperano
mondo,mondo
makers,makers
mes,magio
prestigio,prestigio
paciencia,pazienza
?,?
padres,carta
ligados,legate
cimaroli,cimaroli
informndoles,comunicando
industriales,industriali
presentando,presentando
olmi,olmi
dignas,segnalano
luz,","
reconocida,riconosciuto
diferentes,diversi
institutional,institutional
pau,.
asistido,asistito
propuestos,proposti
ariela,del
situada,ubicata
galeras,loge
espaol,italiano
corespondiente,corispondente
procedencias,provenienza
plan,plan
maras,maras
comercial,comerciale
poqusimas,pochisime
visita,visita
adriz,adriz
contina,finch
negro,paneli
cavalier,darpino
dusita,dusita
bonaparte,bonaparte
troleys,troley
inglesa,italiano
baile,balo
mlaga,mlaga
interior,credito
representar,rapresentare
apoyado,pogia
arnaldo,arnaldo
vicepresidente,vicepremier
comites,organizata
miglia,miglia
cincelada,modelata
visit,stela
campeonato,francese
tenerife,tenerife
tpicos,tipici
surgidas,solidariet
representantes,rapresentanti
helena,helena
venido,venute
euros,euro
pues,","
soporte,lota
encuentro,lincontro
hora,lora
veinte,venti
catania,catania
bajos,crescita
conjuntos,congiunti
sachi,arigo
ie,.
astronmico,comercio
propuesta,proposta
lunes,lun
talonario,libreto
diseos,design
comporta,comporta
rafaele,rafaele
vivazmente,vivacemente
gino,gino
consorte,consorte
bon,bon
objeto,teso
constantemente,costantemente
nunca,mai
psique,psiche
nutricionistas,nutrizionisti
habl,ha
superiores,superiori
ministerio,ministero
educacin,societ
moda,moda
profundidad,sofermati
acogida,acoglienza
realizadas,serigrafie
ntegramente,integralmente
fructfero,frutuoso
sufrido,subito
mixtos,misti
varias,vari
decoran,aredano
basani,basani
estaba,era
inaugural,inaugurale
verde,merion
investigador,ricercatore
mira,guarda
estudioso,studioso
procedentes,profesionisti
economas,economie
madura,matura
cultura,cultura
volumen,volume
movimiento,movimento
kean,kean
deporte,sport
corer,corere
cv,.
pupi,pupi
haberlo,avevano
suiza,fax
aguire,aguire
calvo,calvo
distinto,citadino
campanela,campanela
tenencia,tenencia
ubicada,antico
panorama,panorama
hablado,parlato
palabras,parole
international,international
adyacente,acanto
comprar,acquistare
indicaciones,indicazioni
vez,volta
urbanos,urbani
italia,italia
romito,romito
experiment,segnato
provincia,provincia
deportados,deportati
owner,owner
objetivos,obietivi
taliani,taliani
papiros,papiri
mum,mum
surez,surez
baroca,baroca
soberana,sovrano
milenium,galeria
fotos,foto
programa,programa
generale,generale
registrarse,registrarsi
origen,origine
st,st
ele,ele
fausto,fausto
ventilado,ebraico
il,il
banca,banca
donacin,costituita
gala,gala
burgos,burgos
t,t
solicitar,presentare
resaltan,spicano
act,act
trips,trip
mrmoles,marmi
construir,domani
balzo,balzo
amenazas,minace
oportuno,oportuno
centenario,centenario
vacaciones,vacanze
ocasin,ocasione
honorable,alonorevole
abrirnos,aprirci
library,library
especies,specie
pedro,pedro
biblia,bibia
pretenden,intendono
lo,lo
ideados,ideati
prestado,riservato
galico,galico
abandonar,abandonare
supera,supera
cmodo,comodo
condiciones,condizioni
magnitud,sfida
oriental,alorientale
experimentos,esperimenti
criminalidad,criminalit
viajado,viagiato
jurdica,solida
fabricacin,fabricazione
valiosa,preziosa
pasta,pasta
detenidos,sovrafolate
inspector,agente
congreso,camera
patrocinado,patrocinato
consecuencias,conseguenze
deber,aver
primera,prima
mola,e
honrado,onorato
memoria,memoria
ese,quel
desarolan,svilupano
estamos,siamo
tratado,tratati
incluida,inclusa
emblemtica,emblematica
maremana,maremani
destaca,sotolinea
alpino,lalpino
puci,puci
qu,quale
febreroprincipio,febraioinizio
produce,produce
trabajo,lavoro
rome,rome
palao,palao
tipo,tipo
republica,republica
falc,","
sanitaria,sanitaria
aprecio,europei
siguen,rimangono
awards,awards
garanta,garanzia
industrial,industriale
retribuciones,retribuzioni
conservan,conservano
alusiones,aludono
ante,ante
escultura,scultura
cartones,cartoni
fabiola,consolato
chimenea,camino
productos,prodoti
fragmentos,framenti
misn,","
stand,stand
informtica,informatica
delitos,frodi
lagi,lagi
cosimo,cosimo
beneficenza,beneficenza
podan,potevano
evangelio,raconta
vicenza,vicenza
austriaco,austriaco
presidida,presieduta
versin,del
poder,poter
arti,arti
comienza,comincia
protagonista,protagonista
aquel,quel
reglas,regole
puesta,vista
espectro,respiro
visitado,visitato
insectos,specie
dios,cielo
enfermero,linfermiere
formas,forme
per,panama
razn,ragione
ed,daro
canalizado,canalizate
friso,fregio
luchino,luchino
valores,valori
antigua,antica
magno,magno
venados,daini
cena,","
inovadoras,inovative
confirmando,conferma
delanima,darte
convergencia,convergenza
smbolo,molte
utiliza,usato
pacto,pato
hearst,hearst
pblicos,publici
colecionando,materiale
noviembre,novembre
continentes,continenti
ermano,ermano
buenas,prasi
esculpida,scolpita
estrechas,stretisimi
enormemente,notevolmente
sale,eleto
cantado,cantato
apenas,sopra
tengan,momento
local,locale
espejos,spechi
sofia,sofia
catarsis,catarsi
artstica,artistico
admiran,vediamo
santiago,santiago
murano,murano
peluquera,aconciature
escondida,nascosta
instrumentos,strumenti
artstico,artistico
anunci,anunciato
palma,la
ubaldo,ubaldo
detuvo,fermato
pancras,pancras
inquietante,inquietante
testamento,testamento
arigo,fianco
fraudulentos,fraudolenti
lega,giunge
performance,performance
vigo,vigo
imperio,impero
rosas,ha
transparentes,trasparenti
gentileschi,gentileschi
proyecin,proiezione
replicabilidad,replicabilit
escasez,formazione
decoraciones,decorazioni
adquirido,maturato
g,g
como,come
cancelieri,delinterno
experiencias,esperienze
doble,doble
expuestos,esposti
equino,bovini
platos,piati
organizan,organizata
interviene,interviene
encabezan,capegiano
muebles,mobili
febrero,febraio
longare,longare
beneficiario,beneficiario
infancia,linfanzia
albert,adri
pelez,pelez
daos,dani
generos,generoso
revista,rivista
maurizio,maurizio
trias,trias
fiera,fiera
horse,magior
mercadilo,mercatino
especialista,specialista
diego,diego
figueiredo,figueiredo
aprendiz,garzone
entre,tra
desarol,svilupato
golfo,golfo
imprescindible,imprescindibile
fsica,psichica
emliepo,emliepo
selecin,selezione
premiacin,premiazione
lucha,lota
taleres,progeti
intelectual,inteletuale
giro,","
alteradas,europea
humana,umana
imperial,imperiale
intensificar,aprofondire
impulsorespartners,promotoripartner
edificio,edificio
figura,figura
honorarios,onorari
enogastronoma,lenogastronomia
encinas,atraverso
ofensivo,ofensivo
lacra,del
elevada,penalizate
seoras,signore
toneladas,tonelate
esta,tale
eleciones,lelezione
exponentes,esponenti
complutense,complutense
expo,alexpo
salida,uscita
productivo,produtiva
trampoln,importante
mikhail,michail
tursticos,turistiche
gracias,anche
observar,diverse
transferida,trasferita
pardo,pardo
veintids,ventidue
aquela,quelepoca
portugal,portogalo
condicin,condizione
generaciones,generazioni
incluye,discipline
estado,capo
reserva,richiesta
histrico,storico
futuro,sul
s,si
ocho,oto
redactora,redatrice
todava,restano
degustacin,degustazione
amelio,amelio
orientacin,lorientamento
formicheti,formicheti
sugieren,rivelano
estmulo,stimolo
electiva,eletiva
docencia,docenza
crculo,crculo
logo,logo
paolo,peroni
oficinas,ufici
salido,altre
las,le
zodaco,zodiaco
teraciano,teraciano
ebanista,martin
compuesto,composto
flecha,del
exista,tipo
montebelo,montebelo
cumplimiento,esecuzione
excepcin,ecezione
esposa,una
coproduciones,coproduzioni
santa,santa
emergencias,emergenze
recoge,contenuta
rboles,alberi
hebreo,ebraico
hermano,grande
flora,flora
focalizado,focalizato
upm,dalupm
francisco,francisco
autobuses,oyster
masc,masc
nios,orfani
compuestas,composte
cordenador,eugenio
transcurido,trascorso
strumentale,strumentale
importados,importati
ligado,legato
establecido,specificato
sola,solo
city,city
presentado,presentato
ins,ins
largometrajes,cortometragi
fuertes,forti
tax,tax
imgenes,imagini
para,per
realizado,realizato
mujeres,forum
invitamos,invitiamo
descentralizacin,decentramento
tcnicos,tecnici
pudieron,potuto
manifestaciones,manifestazioni
republicana,republicana
gusto,gusto
corecta,dialetica
pagado,noi
fontn,fontn
supremo,supremo
democracias,democrazie
dirigido,direto
danilo,danilo
adopcin,aladozione
extremadamente,estremamente
introduciendo,linserzione
pasado,pasato
articul,articolato
genocidio,crimini
formulario,formulario
existe,esiste
tenerlo,tenerlo
a,a
principios,celebrazione
extensa,estesa
indicadas,indicate
votos,voti
leonor,leonor
bonita,camino
chinos,cinesi
cervantes,cervantes
san,san
napoli,napoli
comit,comitato
turistica,turistica
pudo,saputo
precarias,precariet
traducido,straniera
segundo,secondo
italianos,italiani
recepciones,ricevimenti
cordial,coloquio
inmortalizado,imortalato
automviles,asociazione
ah,","
huevos,una
rembolsado,rimborsabile
supuso,una
david,david
remontan,risalgono
zani,di
amura,amura
manuela,carmena
fondos,fondi
celebracin,celebrazione
apertura,dapertura
nostlgico,nostalgico
italosefard,italosefardita
corupcin,coruzione
delegacin,delegazione
bocioni,bocioni
mimo,mimo
canastos,cesti
pontfice,pontefice
senz,de
reflexin,riflesione
creado,creato
mondomostre,mondomostre
materia,materia
justicia,giustizia
difundir,difondere
sostenible,sostenibile
comprometindose,impegnandosi
michelin,michelin
el,volta
lustre,lustro
dispuestos,disposti
constante,costante
obstculo,alostacolo
consanguinidad,consanguinei
da,del
giles,giles
celebraciones,celebrazioni
destacar,segnalare
aceptar,acetate
auditor,auditor
belo,belo
econmicas,relazioni
naciones,unite
unidos,uniti
estudios,studi
fanti,carpi
originario,ciascuno
acoge,ospita
indita,inedita
bovio,bovio
celebraremos,celebreremo
itmakes,itmakes
relativas,relativi
cualquier,qualsiasi
pintor,pitore
conocer,conoscere
herbcea,erbacea
redes,reti
pocos,pochi
facilita,facilita
exhibicin,esibizione
ponzio,ponzio
varelaportas,varelaportas
describir,dichiararsi
respuesta,risposta
difcil,sul
letras,letere
materiales,materiali
gianoti,gianoti
posible,posibile
religiosos,religiosi
jaime,jaime
usos,usi
frum,frum
discurso,laplaudito
imponan,nela
msicosestn,musicanti
rene,include
lpez,lpez
sustradas,cervantes
movilidad,mobilit
pintados,dipinti
porta,porta
familiares,libreti
longitud,lungheza
sanino,sanino
gobierno,governo
atpicos,atipici
mundo,mondo
oradora,oratrice
enriquecieron,arichirono
escudos,scudi
asignan,asegnare
ocupan,coperti
levar,al
resto,resto
originales,pertanto
!,!
estand,stand
lisoni,lisoni
creaciones,creazioni
tour,tour
condecoracin,onorificenza
eugenio,eugenio
puesto,segio
valadolid,valadolid
chelsea,milan
intenso,intenso
zona,zona
camarero,camarero
clebres,celebri
islas,avenire
mayor,mayor
interpalamentaria,interparlamentare
biologa,biologia
prestigioso,prestigioso
garcapage,garcapage
campolataro,campolataro
manteniendo,mantenendo
ascom,hano
decimoquinta,quindicesima
capitn,capitano
relacin,nela
mesina,mesina
eliminado,eliminato
cientfica,scientifica
potencian,potenziare
amistad,amicizia
lmites,limiti
deusto,deusto
levados,venero
pginas,siti
emblemas,stemi
juicio,discorso
persecuciones,persecuzioni
direciones,indirizo
barera,beatriz
ong,ong
campestre,campestre
unime,lunanime
cotec,cotec
voluntarios,volontari
raras,rare
paganas,pagane
vacuno,brado
cerca,ai
terorismo,comisione
estrecha,racordo
evento,levento
tesile,tesile
copias,copie
electrnico,alindirizo
expresa,esprime
museo,museo
cofres,scrigni
maeci,maeci
mesa,jes
cedroni,cedroni
elegante,elegante
parece,credo
milan,milano
ste,eso
tal,caso
sede,sede
pgina,espaolas
inovacin,linovazione
embajador,pietro
herculano,ercolano
informes,relazioni
daro,.
cuestiones,questioni
zodiaco,zodiaco
redicin,riedizione
significativos,significativi
reitera,ribadisce
nuestras,societ
cinematogrficas,cinematografiche
reorganizar,riordinare
valoriza,valoriza
majestuosa,maestosa
nmero,numero
motora,motoria
suntuosa,sontuosa
arquitectnicos,architetonici
juan,","
podido,posibile
ducales,ducali
cinema,film
salini,salini
recuperacin,recupero
mile,mile
uso,e
proyeciones,proiezioni
trabajado,lavorato
batista,batista
arquitecto,larchiteto
afines,afini
toda,tuta
bulgari,bulgari
peso,peso
asegurar,trasparenza
nutrire,nutrire
sanpaolo,intesa
solidaridad,solidariet
alto,lalto
alegoras,delinverno
coste,costo
servicio,sevizio
definicin,definizione
insistir,insistere
acuciantes,asilanti
producir,produre
extractos,bancari
recibi,ricevuto
siglo,del
numerosas,numerose
secades,secades
magris,magris
aparato,laparato
lectores,letori
altsimas,altisime
resaltar,sotolineare
exigencia,lesigenza
lunetas,lunete
mayas,maya
papeleta,eletorale
fitur,fitur
presentarse,presentata
fuerza,forza
seores,signori
haga,","
daba,di
portavoz,portavoce
tengo,ocore
existen,realt
renueva,rinova
bicameral,comisione
cuna,cula
calabr,calabr
candidato,candidato
ausencia,legati
flancos,volta
cotidiana,vangelo
centrada,incentrata
sgarbi,una
pose,eso
caraci,caraci
welnes,welnes
seor,signor
bilbao,bilbao
traductora,tradutrice
leta,leta
cal,cal
bruxeles,bruxeles
podemos,posiamo
donde,dove
ocupa,una
censada,registrata
arcos,archi
distribuy,distribuito
legumbres,legumi
rom,n
roberto,roberto
io,io
arquitectura,architetonico
realismo,realismo
ombreta,ombreta
ordenar,segio
baroso,baroso
declaraciones,dichiarazioni
seanad,seanad
ovales,ovali
trofeos,trofei
cuadrados,quadri
telecomunicaciones,telecomunicazioni
campania,campania
extiende,snoda
candidatura,candidatura
firmas,firme
creadores,creativi
bilaterales,bilaterali
anlisis,analisi
parlamentaria,parlamentare
diplomacia,diplomazia
puedan,posano
ice,l
esplndida,splendida
meditico,mediatico
vilar,vilar
conferencia,conferenza
artculos,articoli
reciente,recente
invest,invest
baroco,baroco
cautiverio,prigionia
teracota,teracota
asaltar,alasalto
aplicar,candidarsi
testimonios,testimonianze
lgneos,lignea
diplomtica,diplomatica
segovia,preso
blica,biblica
vinculado,ativato
representan,rapresentano
gan,vinto
estudiada,studiata
costumbre,consueto
reales,reali
fenosa,fenosa
selecionadas,selezionate
conmocin,comosa
conmemoracin,comemorazione
napolitano,napolitano
ceris,farneto
pabeln,del
reino,regno
romanas,romane
powel,powel
apartamentos,apartamenti
ampliacin,ampliamento
vastedad,vastit
tejerina,tejerina
puerta,porta
mercados,mercati
eli,eli
grupo,un
compartido,impegno
visite,ulteriori
realizada,creata
instituida,istituita
universitaly,universitaly
altura,quota
franco,franco
pasa,pasa
leos,calibro
pictrico,pitorico
htpw,htpw
figuradas,figurate
medici,medici
sirve,serve
abrir,aperto
garcamargalo,garcamargalo
academia,academia
herido,ferito
forzados,coato
stefania,craxi
jefe,jefe
donaciones,superano
ltimo,suo
sino,","
generando,generando
aprovechar,cogliere
revelando,rivelando
temporales,restrizioni
desarolando,svilupando
pontificio,pontificio
alcanzaron,ragiunto
caritos,troley
invitacin,invito
generosa,generosa
empeo,impegno
renovar,rinsaldare
calcio,calcio
dar,dare
personal,personale
arco,con
original,originale
vi,vi
trajano,trajano
formato,formato
til,utili
especificados,specificati
batalas,fato
enio,enio
adapta,campo
bolonia,bologna
min,min
privada,privata
conaturales,conaturati
silvestreli,silvestreli
lista,relativo
ftbol,calcio
moncloa,moncloa
medialabprado,medialabprado
usuario,contenuti
cuadros,quadri
orientales,orientali
luxemburgo,lusemburgo
soberanos,sovrani
vedutismo,vedutismo
cocina,cucina
resultado,risultato
morada,preso
dcha,","
ilo,delilo
rai,stampa
tenis,tenis
brilante,brilante
aprobar,aprovata
galbiati,galbiati
alcalde,lord
friedrichshafen,friedrichshafen
lavoro,lavoro
lmite,limite
carpinus,bianco
seca,","
fare,fare
guila,laquila
caldern,caldern
desafos,sfide
cineteca,cineteca
esto,","
hipovidentes,ipovedenti
colaboracin,colaborazione
deseo,desidero
marazini,marazini
tratados,tratati
exigencias,esigenze
races,radici
nuevo,ordinare
folet,folet
embalsamados,limbalsamazione
ambientes,presenti
insine,insinua
artista,italiano
mismo,steso
retransmite,trasmeso
nacho,nacho
convento,santa
ventana,finestra
segmento,segmento
seres,eseri
agudo,agudo
variedad,variet
enorme,imponente
embajadores,embajadores
interesantes,interesanti
ya,v
marta,marta
reducir,dela
leone,leone
visconti,visconti
tenientito,tenentino
unidas,unite
puentes,ponti
financieros,finanziari
vino,vino
fama,fama
sabiendo,morte
vestimento,vestizione
dolor,morte
silva,silva
nato,nato
astor,astor
bolognini,bolognini
votantes,postali
consolidada,consolidata
coronada,sormontata
instrumento,strumento
partidos,partiti
trono,trono
giorgio,giorgio
arte,la
miln,milano
haber,aver
robles,dotor
ide,ide
considero,considero
perfil,profilo
candidatos,candidati
mercantil,mercantile
capodimonte,capodimonte
estense,estense
marina,marina
constar,preposta
sucesivas,seguono
representa,rapresenta
relieve,diretivi
censo,registro
estrelas,stele
proclamacin,proclamazione
modificada,modificata
presidir,presieder
traducir,suporto
intesa,sanpaolo
empleadas,impiegate
asistencia,asistenza
elector,leletore
nico,unico
arturo,arturo
desorden,disordine
home,home
sidergicos,siderurgici
paoli,paoli
sixto,sisto
mafei,mafei
meses,mesi
revestidas,rivestite
herera,herera
inspiracin,lispirazione
ceden,cedono
generar,generare
ied,ied
fortuna,fortuna
asociacin,asociazione
lalbero,lalbero
mecanismo,mecanismo
via,via
muere,muore
madrilea,madrilena
ascensores,ascensori
enero,genaio
za,za
historia,storia
copia,copia
luca,luca
ramas,farfale
enviar,inviare
reside,residenza
altruista,prestando
intrpretes,interpreti
proceso,tratazione
video,video
desarolar,svilupare
entretenimiento,intratenimento
papeletas,eletorali
andora,andora
gonzlez,gonzlez
prestigiosos,prestigiosi
sumado,aderito
permitira,comunicare
propuestas,proposte
consideran,considerati
lazos,vincoli
solidez,solidit
ltima,nela
hueso,oso
dedicado,dedicato
generalitat,generalitat
televisin,televisione
programas,programi
prstamo,prestito
ocupar,coprire
avati,avati
te,anche
debemos,insieme
nova,nova
preparando,preparando
cordinada,cordinata
urbanas,urbane
extranjeras,straniere
avda,las
encontrarnos,ragiungerci
centeleante,sfavilante
franci,franci
honor,onore
cavidades,spechiature
doctorado,dotorato
radicarse,radicarsi
maestro,maestro
interesados,interese
eugenia,eugenia
lindante,atigua
valoracin,valutazione
solidarias,solidariet
erores,erore
dans,danese
industria,industria
madre,madre
funcionalidad,funzionalit
fab,fab
primeras,prime
partiendo,partendo
reconocimiento,riconoscimento
gwyn,gwyn
htpsw,htpsw
events,eventi
kohl,kohl
apoderados,rapresentante
beleza,beleza
ecfr,ecfr
marzulo,marzulo
maec,maec
elevado,livelo
igo,igo
forma,parte
piel,piel
traductor,tradutore
estipula,descrito
sedes,ale
saln,salone
cargos,incarichi
alegora,lalegoria
corelato,corelato
teatros,teatri
exportaciones,esportazioni
tesoros,tesori
primavera,primavera
de,di
cmara,camera
veo,vedo
marca,timbro
arborio,arborio
nieta,nipote
trabajos,lavori
tropa,trupa
base,base
exponente,esponente
reina,la
revisten,rivestono
disponibles,disponibili
lugares,sedi
che,che
institucionales,istituzionali
financiado,finanziato
adaptarla,adatata
tapiz,larazo
performances,performance
michele,michele
social,sociale
vienesa,vienese
han,hano
pizi,pizi
notar,notare
primigenias,primigenie
televisivos,televisivi
camileros,barelieri
gasperi,gasperi
xito,di
legislacin,materia
le,le
cursos,clasi
mare,una
cientficas,scientifiche
naran,narati
ferndez,ferndez
aludiendo,aludono
marota,hano
municipal,municipale
crespo,del
incluir,includere
conflicto,conflito
standards,standards
pared,parete
jams,mai
htpasturiascreative,htpasturiascreative
conocido,think
decisin,pronuncia
considerado,ritenuto
tecnologas,tecnologie
significativo,significativo
muchos,molti
coresponder,corispondere
realmente,davero
literarios,leterari
prof,prof
utilizando,rafinati
orquesta,lorchestra
decir,che
suizo,svizero
crditos,crediti
otorga,migliori
iconos,icone
milano,dedicato
caravagio,giugno
nmeros,chiamare
registrarme,registrarmi
presin,presione
aclarar,chiarire
don,don
yuste,yuste
volmenes,trentamila
destinaron,adibite
dilogos,dilogos
numeroso,schiera
patologas,patologie
concede,concesa
centrales,centrali
estuvo,era
escritores,scritori
sufre,sofre
cordinadora,cordinatrice
legislativo,legislativo
podr,pu
jugarn,real
anunciarn,proclamati
quiere,vuole
vera,","
statale,statale
negocios,busines
continuamente,continuamente
proyectndose,proietandosi
bancario,bancario
otorgar,asegnare
haciendo,ponendo
promocionales,promozionali
intereses,interesi
refieren,riferiscono
elemento,pavimento
ambos,entrambi
reiterar,ribadire
visuales,visive
adoptadas,adotate
verano,scorsa
pinedas,pinete
asiticos,studi
brugnoli,brugnoli
me,mi
estancias,artistiche
sesiones,sesioni
frescos,afreschi
aclaracin,eventuali
lauro,malafede
mente,mente
hechas,segnalano
esconde,cela
presente,nostro
contenidos,contenuti
coleciones,colezioni
entradas,aprono
sargento,sergente
deacon,deacon
canaleto,tiepolo
gambara,gambara
iniciativa,iniziative
descargarse,scaricare
antiguo,convento
completan,completano
idea,lidea
humanos,umani
homogneo,omogeneo
libertad,libert
protegido,volute
marcas,marchi
teritorios,teritori
tank,tank
ciencias,scienze
grenwich,grenwich
encontrar,artisti
fratini,fratini
mantener,genaio
conserva,conserva
francs,francese
juez,giudice
agrcolas,agricole
finca,tenuta
tradicional,tradizionale
jason,jason
agrupaciones,agrupaciones
encontris,troviate
premiadas,premiate
consejera,consigliere
mundial,mondiale
benisichi,benisichi
definitiva,definitivo
nava,nava
circuito,preso
fundamentales,fondamentali
solicitante,richiedente
poste,causale
observatorio,neloservatorio
ecosostenibilidad,ecosostenibilit
personajes,personagi
comercio,estero
parlamentario,parlamentare
europeas,europea
cruzada,incrociata
mano,nel
agroalimentarios,agroalimentari
tienen,qui
humberto,umberto
design,design
etapa,tapa
gran,grande
dieta,dieta
irlands,oireachtas
congresos,convegni
foro,forum
baja,al
humanitarias,umanitarie
literatura,leteratura
sacrificio,sacrificio
mensaje,mesagio
principal,principale
forbes,forbes
platea,platea
alalteza,alalteza
referencias,autobiografici
cuento,trato
metal,elementi
nio,lui
favoreciendo,favorendo
estilo,stile
declarar,dichiarare
crui,crui
tomaron,preso
superintendencia,soprintendenza
energas,energie
estilstico,stilistico
austerit,austerit
diputado,deputato
procesos,procesi
creativos,creativi
tcnico,tecnico
hijastro,figliastro
similares,simile
dependientes,dipendenti
napolitanas,integrare
realizan,amese
integrarse,integrarsi
ficha,cast
azul,azuro
cubiertas,rivestite
macari,macari
oficial,uficiale
ahonda,afonda
clima,clima
violencia,violenza
importaciones,importazioni
afiliado,afiliato
necesidades,esigenze
estancia,ambiente
pakistn,bancario
verse,tra
respalden,documentali
paraguay,nicaragua
doce,cesari
filiera,tesile
contrarestar,contrastare
daniel,daniel
sobrino,nipote
biblioteca,library
plano,piano
torins,torinese
danese,danese
referndums,referendum
courtois,courtois
multicultural,multiculturale
manos,mani
mantiene,mantiene
acto,levento
gnero,genere
sicilia,sicilia
masimo,masimo
acesibilidad,disponibili
bibliotecas,biblioteche
cnsul,console
subtrerneo,soteraneo
park,park
liceo,liceo
receptores,ricetori
ocupaba,ospitata
remonta,risale
gigante,gigante
inaugur,inaugurata
concedido,concesogli
esteri,esteri
diluvio,primo
clebre,celebre
al,al
procedimiento,procedimento
funzionari,funzionari
europea,europea
mantuvo,mantenuto
teribles,istanti
gubernamental,governativo
bibliotecamediateca,bibliotecamediateca
positivas,positive
jornadas,corso
comandante,comandante
colorno,colorno
apoyar,suporto
sesin,sesione
abiertas,aperte
masceti,masceti
encontrarse,soltanto
murales,murali
prevencin,prevenzione
ferdinando,ferdinando
mariposas,decorazioni
sensibles,sensibili
icex,icex
concurso,concorso
dan,","
trataron,afrontati
exploracin,globale
legislatura,alotobre
coloquios,coloqui
continuo,continua
piero,piero
aportaciones,contributo
pascal,legai
clasificacin,clasificazione
libondi,libondi
cmaras,camera
tesoro,tesoro
filologa,filologia
montagna,montagna
hrcules,dercole
entregado,consegnato
dichas,vedi
plenarias,plenarie
integrada,delitalia
prestados,esemplari
mueven,muovono
humorista,comico
estis,siete
agrestes,agresti
participado,partecipato
abril,ad
palazo,palazo
pertenecen,apartengono
nacen,nascono
parejas,copie
victoria,vitoria
cavaleti,cavaleti
kodak,kodak
cinco,ani
encargado,ocuper
hermanos,frateli
determinado,determinato
poltica,alegato
fumarola,fumarola
suber,sughera
cesare,cesare
inversin,dorigine
wasp,wasp
cebrin,cebrin
olvidar,stati
stela,ditalia
cada,ciascun
cuadro,quadro
sfogline,sfogline
requiere,sicuro
enogastronmicas,enogastronomiche
partes,parti
sencilo,agevole
jarones,vasi
concluido,conclusosi
saliente,presidenza
reservas,riserve
celebren,celebrino
recibimos,riceviamo
interumpida,ininterota
empresarios,empresarios
ingls,inglese
agustn,diputado
domicilio,validi
integra,integra
conte,musiche
afrontar,afrontare
santander,santander
centinela,vedeta
creciente,crescente
apartamento,apartamento
anunciada,delanunziata
guiada,guidata
semanales,setimanali
martn,martn
inspirar,ispirare
mestiere,mestiere
grandes,grandi
lingua,italiano
parecen,apaiono
objetivo,obietivo
inicios,inizi
democracia,democrazia
slo,ultimi
cuelga,apesa
tornieli,tornieli
sustancial,leguaglianza
preparacin,preparazione
situado,situata
mltiples,molteplici
impresora,stampante
muerte,morte
fascioti,fascioti
gonzlezsinde,gonzlezsinde
spagnolo,spagnolo
moreno,moreno
bidirecionalidad,bidirezionalit
adultos,adulti
sucedi,nel
ayer,ieri
avispas,vespe
ventas,vendite
mirando,guardando
popular,popolare
paterno,paterno
panetone,panetone
expansin,espansione
abraham,garca
includas,incluse
inters,interese
entr,far
otros,altri
actos,lavori
ofices,comision
multiescalaridad,multiscalarit
electas,elete
bpitrx,bpitrx
posadas,posadas
actualmente,atualmente
bendicin,benedizione
lacomba,lacomba
pretende,intende
eduardo,eduardo
escasean,scarsegiano
organiza,organizato
inscripcin,iscrizione
especialmente,particolare
siglos,dei
recursos,risorse
tomadas,desunti
existente,esistente
ignazio,ignazio
cundo,quando
alemania,germania
mndez,de
medio,rispeto
estatal,statale
consulta,consulta
efectos,efeti
parada,via
gonzalo,gonzalo
itinerario,litinerario
celebrada,celebrata
ministero,ministero
flor,fioriti
articulado,articolato
clandestina,spiegato
regresa,torna
suscrito,firmato
b,b
abierto,apertura
restante,rimanente
dastoli,dastoli
fuerzas,forze
circuit,circuit
cuota,sul
cuestionarse,contestata
vigencia,vigenza
nicoleti,stefano
nuevas,una
poblacin,popolazione
cmoda,comode
beneficiarse,usufruire
evocar,evocare
habitacin,stanza
careras,careras
inovacion,inovacion
italianstica,italianistica
dedica,dedica
invertir,investire
gabinete,gabineto
frecuentes,frequenti
aceso,nela
oficiales,uficiali
contigua,agricola
mdulo,il
esculturas,sculture
renovado,ancoragio
herencia,eredit
resolver,risolvere
presentada,presentata
situaciones,situazioni
ejemplares,esemplari
estrenos,visioni
granadina,granadina
diplomticos,diplomatici
helmut,helmut
declarado,dichiara
mueble,mobile
smart,smart
sant,pau
hambre,fame
multidisciplinariedad,multidisciplinariet
martnez,martnez
bolsones,sache
scuola,scuola
china,alestiti
iglesia,chiesa
caril,caril
hacia,atrocit
transferibles,trasferibili
tensiones,tensioni
italiana,candidatura
acin,lazione
presidentes,presidenti
encrucijada,crocevia
naturalizacin,naturalizazione
cordenado,curato
conjuga,coniuga
conducir,guida
pontevedra,pontevedra
abrirn,aprirano
creative,creative
fiscala,fiscala
rbol,zocoli
solidaria,organizata
entrega,consegna
perfectamente,perfetamente
reflexiones,riflesioni
princesa,principesa
punto,momento
avivado,ravivato
colectivos,coletivit
espaolas,spagnole
riesgo,crisi
raniero,raniero
culturales,culturali
descripcin,descrizione
prado,prado
carnet,porto
crticas,situazioni
interparlamentaria,interparlamentare
trimestral,trimestrale
anceloti,anceloti
gratuitas,gratuite
eliminacin,eliminazione
cavaliere,cavaliere
geometra,geometria
soberano,sovrano
empresariales,imprenditoriali
administrador,laministratore
rosi,in
cordinacin,cordinamento
serenidad,serenit
toni,toni
aprovechando,cogliendo
curarte,curarte
soluciones,soluzioni
quiero,non
mdena,modena
vetustos,vetusti
magazine,magazine
transmitiros,trasmetere
propio,proprio
dignatarios,dignitari
gabriele,gabriele
granada,granada
madrid,madrid
victorias,vitorie
posicin,posto
bernard,bernard
estructura,strutura
idneos,idonei
luis,luis
napolen,napoleone
ha,stato
relano,consente
africanos,asiatici
blanca,blanca
ingresos,proventi
depsito,cauzione
consideracin,publicare
pianeta,pianeta
menudo,come
licencia,carta
subsecretario,sotosegretario
monumental,monumentale
oportunidad,oportunit
seguir,metri
causen,causino
nacimiento,nascita
trombeta,marco
piano,maestro
activides,ativit
organizaciones,organizazioni
pasaquindici,pasaquindici
elecin,lelezione
mariano,mariano
atilio,atilio
php,.
civil,civile
anfe,anfe
privados,privati
sanidad,sanit
entidades,entidades
ejrcito,militare
transformaciones,trasformazioni
individual,individuale
manifiesto,manifesto
titulado,intitolato
descubierto,scoperto
precio,prezo
coloma,coloma
ortegamaran,ortegamaraon
domecq,domecq
interno,interno
pascua,ale
razones,ragioni
lucro,creata
presta,crescente
healthy,healthy
entorno,realt
asumir,asumer
entreg,conferito
davide,davide
nazistas,nazisti
autgrafa,prima
domingo,domenica
datos,dati
evoca,rievoca
guiar,da
aroz,riso
zapatos,calzature
predilecto,predileto
carcano,carcano
cuando,quando
afirmar,afermare
sex,sex
femenino,feminile
contra,averso
ordenanza,latendente
protectoras,protetrici
restaurantes,ristoranti
csar,csar
vicario,vicario
colecin,colezione
global,globale
estacin,stazione
regalo,omagio
tanto,soto
atencin,latenzione
yo,ero
fiestas,feste
librera,libreria
giornale,giornale
yeso,geso
provechosa,proficua
niko,niko
conocimiento,reciproca
federico,federico
sorprender,sorprendere
dogliani,dogliani
escritorio,scrivania
vuelo,volo
instalado,alestito
carioso,vicinanza
espera,atesa
dilaciones,dilazioni
manica,manica
reactivar,riativare
forman,facenti
sirvi,seguito
realizaran,realizazione
resultante,derivante
nuestros,nostri
satcen,csue
luneta,luneta
experimenta,sperimenta
irean,irean
amedeo,amedeo
atraction,atraction
participen,coinvolgere
armas,armi
delinfinito,delinfinito
refinada,rafinata
lile,lila
recibe,riceve
veneciana,veneziana
activas,ative
mula,mulo
tecnolgica,tecnologico
bonet,bonet
entres,tra
romper,rompere
diciembre,dicembre
asamblea,asemblea
ilustrar,ilustrando
lungitud,lungheza
transformacin,trasformazione
cosa,cosa
quiso,voluto
amor,loscura
posada,deputati
tornerano,tornerano
utilizarse,polizia
sur,sud
aconseja,consigliato
martin,carlin
pepe,pepe
sntesis,sintesi
fortalecimiento,raforzamento
enfrente,fronte
residencia,residenza
pordenonelege,pordenonelege
pio,vi
escolar,scolastico
mi,mio
patio,il
distingui,distinse
diplomticas,diplomaticas
somalia,somalia
evidenciado,evidenza
integracin,integrazione
ribera,ribera
saludo,saluto
apoyos,aprovato
colnias,colonie
sonatas,sonate
mediterneo,mediteraneo
operativa,operativa
parte,parte
emparejamiento,complementariet
asilo,asilo
malpaso,malpaso
pi,vice
primo,primo
grupos,grupo
contienen,contengono
dioses,dei
antiguas,antiche
rogamos,prega
fiumicino,fiumicino
ocidental,ocidentale
construye,costruisce
fini,fini
organizadas,organizate
nicolau,nicolau
boucher,boucher
valencia,valencia
retrica,retorica
mediante,mediante
repblica,republica
secuestra,rapisce
funcin,funzione
definitivo,definitivo
informaciones,informazioni
casu,casu
instituciones,istituzioni
animado,programa
padre,padre
recientes,recenti
benedeto,benedeto
of,of
papel,il
monta,montagna
mercado,eletrico
constitucin,costituzione
unidad,dela
paola,paola
federal,federal
copa,copa
jorge,jorge
pas,paese
cuestin,questione
internacional,internazionale
scognamiglio,scognamiglio
salvatore,salvatore
geomtrico,geometrico
damico,ilustrato
minutos,minuti
papal,papale
consejero,consigliere
for,for
unido,unito
pero,potere
n,n
estratgica,strategica
sentimiento,sentimento
crear,creare
sangrientos,sanguinosi
tomas,efetuare
tickets,tickets
amrica,america
bienestar,prosperit
expositiva,espositiva
servicios,servizi
operativo,operativo
libre,libero
elos,loro
activa,ativa
entonces,frontiere
toledo,emiliano
berln,berlino
primeros,primi
vila,vila
fin,santo
puedo,poso
escalado,scalato
gnova,genova
inovatel,lunedi
encuadra,inquadra
dante,dante
y,del
motivos,motivi
gratuito,consumare
tecnolgicas,tecnologiche
mercaderes,mercanti
beber,bere
marineti,marineti
condecoraciones,onorificenze
actuacin,azione
gobiernos,governo
articular,articolato
estadoregiones,statoregioni
v,v
incremento,incremento
energa,energia
especial,speciale
levarse,esere
grand,grand
vale,vale
muti,suo
superior,superiore
pasquale,pasquale
rosel,rosel
setecento,setecento
hecho,reso
cubre,ocupato
latina,latina
foletos,opuscoli
declar,andrea
hpico,in
alimentarias,alimentari
captulo,capitolo
interferencia,interferenza
soria,il
profesionalidad,profesionalit
calendario,inaugurazione
hay,e
mejor,meglio
existir,esibizioni
mitolgicas,mitologiche
estar,esere
poca,depoca
gracia,grazie
patrocinada,patrocinio
escribiendo,scrivendo
ranking,ranking
cono,cono
acaecido,avenuto
diferente,diferente
preferencia,preferenza
especializados,specializati
retrato,retrato
asturias,registrato
joaqun,gioachino
artes,arti
primer,primo
online,online
quota,quota
muri,mor
mara,mara
vinculada,almeno
cities,cities
march,march
itinerante,itinerante
oscar,oscar
wert,wert
doing,doing
po,pio
vlido,valido
poselectoral,eletorale
garcs,pilar
impartir,impartire
unesco,dalunesco
dulces,dolciaria
contactar,entrare
altares,altari
rey,re
pastorales,agropastorali
finalizacin,finalizazione
directivo,diretivo
brasil,brasile
terceros,parti
pontificado,pontificato
contribuir,contribuire
comerciales,comerciali
gianfranco,gianfranco
categoras,categorie
cules,quali
artistas,artiste
corporate,corporate
ix,ix
militar,militare
apasiona,apasionati
ministra,ministro
inovador,inovativo
tarifas,costo
operista,suloperista
nave,nave
mixta,mista
iveco,iveco
insignias,insegne
colocado,opera
hayan,abiano
escengrafo,anibale
lrica,dedicata
casini,casini
guides,guides
porcelana,porcelana
invita,invita
vilagio,vilagio
estruch,estruch
bison,bison
empresariado,imprenditori
acadmicos,academici
etapas,tapa
abrantes,abrantes
retirar,dpliant
pesar,grandi
invidentes,vedenti
espectacular,spetacolare
representada,rapresentata
grandiosa,grandiosa
evidencia,evidenzia
cien,cento
taleb,taleb
acompadas,acompagnate
restriciones,dimensioni
concedieron,daluficio
busto,busto
guariglia,guariglia
nacido,nato
mucho,lungo
conde,conde
elementos,documenti
jabales,selvatici
tengis,aveste
comunica,comunica
pequeito,topino
explica,indicato
lela,lela
debido,dato
labor,svolto
toma,toma
tejidos,tesuti
monferato,monferato
fundacin,fondazione
montalbn,montalbn
diseo,design
cern,cern
rehabilitadas,riabilitati
julio,luglio
salita,salotino
empieza,inizia
roma,roma
milone,milone
palermo,palermo
cruzado,crociato
todo,tuto
acompamiento,lacompagnano
rea,rea
insignes,maestri
son,sono
obtenido,otenuto
dividen,sudivise
sostenibilidad,sostenibilit
propiedad,propriet
seda,seda
miguel,miguel
geopoltica,geopolitica
generali,generali
invitar,avicinarsi
considerada,ritenuta
tarjeta,carta
lucila,lucila
concierto,concerto
amatrice,amatrice
sensibilidad,sensibilit
proyecto,progeto
slow,slow
aumentarse,aumentata
expuso,esposto
denominacin,denominazione
convenciones,convenzioni
armisticio,delarmistizio
polaco,polaco
masip,canaria
adornos,ornati
vela,fax
dedicadas,dedicate
bajar,abasare
turbado,turbato
aric,giovani
finalizar,termine
feri,","
maserati,maserati
sospecha,sospeto
bruschi,bruschi
civilt,civilt
parisino,parigino
destacan,mancano
invernal,invernali
crmenes,crimini
advertencias,avertenze
perito,perito
estrela,emergente
demandas,domande
realizar,durante
apre,apre
pblica,publica
encuentran,trovano
voto,voto
gestor,gestore
continuidad,continuit
proporcional,proporzionale
guera,guera
modelo,modelo
escuelas,scuole
tradiciones,popolari
terminales,multimediali
pelegrino,pelegrino
tapa,ribalta
castidad,fustigare
recipientes,contenitori
siete,sete
opciones,praticabile
frica,africa
linkage,linkage
denominado,cosideta
condados,compresa
fraile,fraile
apelacin,apelo
coperacin,coperazione
estrado,creato
escuela,scuola
titular,ultimo
telas,che
camara,camera
claramente,chiaramente
mdico,medico
jimnez,jimnez
aperte,aperte
durante,maker
afiliacin,lafiliazione
caluroso,caloroso
especiales,speciali
esquinas,angoli
finalmente,finalmente
canarias,canarie
acadmico,academico
encanto,fascino
circular,rafiguranti
sabores,sapori
exportado,esportato
duca,duca
ily,ily
presentacin,presentazione
stos,questi
esplndidas,splendidi
cieloraso,sofito
fiscales,aspeti
partner,partner
stret,stret
uomo,","
fontana,fontana
castilo,castelo
activo,ativo
chef,chef
siguiendo,seguendo
cul,quando
vajilas,stoviglie
aumento,aumento
agroalimentario,agroalimentare
parma,parma
precioso,prezioso
panadero,panetiere
excluidas,escluse
incluyen,seguenti
imelda,imelda
naturales,catastrofi
mediternea,mediteranea
prncipe,asturie
programado,programato
solicitan,leuropa
concreto,particolare
drapeado,dorati
radicar,radicare
aceptacin,lacetazione
autntica,unautentica
areomartimo,teserino
se,si
medios,mezi
navara,navara
",",","
impulso,proceso
tcnica,tecnica
nacionalidad,citadinanza
gastronmico,editoria
augusta,augusta
involucrados,valorizazione
scoti,scoti
flexibles,flesibilit
convencin,convenzione
presentar,presentata
proficua,proficuo
menores,minoreni
libro,di
portal,portale
protocolo,protocolo
engaoso,fuorviante
cuelgan,apesi
sntoma,sintomo
pelculas,presentate
marata,marata
sela,","
guiadas,guidate
favorable,favorevole
legisladores,legislatori
detales,detagli
caractersticas,carateristiche
pintura,pitura
pndulo,pendolo
pedir,potr
escucha,sente
jurado,giuria
beneficios,benefici
reunin,incontro
referido,riguardato
juntos,juntos
socios,soci
conferencias,conferenze
trujilo,trujilo
acudido,recato
caracterizada,carateriza
x,x
los,agli
abren,eso
amistoso,amichevole
culturas,culture
giovan,gauli
documento,documento
campanarios,campanili
renzis,renzis
espacioso,afaciarsi
organizativas,organizative
detrs,dietro
directamente,diretamente
cso,cso
partido,partito
relevancia,rilevanza
kinoweb,kinoweb
marfil,avorio
informacin,informazioni
intervino,intervenuto
pastores,pastori
federica,federica
alumnos,canti
neoclsico,neoclasico
participar,partecipare
sentido,senso
tulo,un
conservados,conservano
concretas,aziende
singular,singolare
dorada,dorato
cruceros,crociere
jrgen,jrgen
hmedas,umide
mximo,masimo
lavado,lavanda
altsimo,altisimo
rica,","
mayo,magio
tiempos,tempi
precisin,precisione
gali,gali
definitivamente,definitivamente
guindos,guindos
delia,delia
santos,santi
kampala,kampala
previo,sensi
saper,saper
coherente,coerente
aeropuerto,dalaeroporto
convirti,pranzo
london,london
excelencias,ecelenze
colgados,colocati
diana,diana
benefica,destinato
transversalmente,trasversalmente
altas,alte
presentes,questo
usar,acedere
scientifica,scientifica
esperanza,speranza
amigoni,alcuni
verdad,verit
migran,bruno
feria,di
meteorolgicas,meteorologiche
pblicas,publiche
sastre,sastre
ciudad,cit
ghigi,ghigi
record,ricordato
asistente,asistente
valioso,lavoro
senado,senato
giovana,giovana
grasino,grasino
palabra,parola
valorizar,valorizare
aniversario,aniversario
absoluta,asoluta
modelado,modelato
infraestructuras,infrastruture
hermanas,sorele
devastadores,devastanti
deuda,del
agnolo,agnolo
judit,giudita
nanimemente,considerato
bufetes,studi
abolicin,labolizione
foros,consesi
lenguas,lingua
masacres,terorismo
lugar,luogo
leyendas,legende
italianas,italiane
comprensivo,comprensivo
inaugurado,inaugurato
oro,secolo
terzi,terzi
relanzar,rilanciare
monetaria,monetaria
acediendo,acedendo
auditorio,auditorio
lpezistriz,lpezistriz
publicidad,publicit
margalo,margalo
lastortras,lastortras
crea,crea
turno,turno
cuyo,cui
fablinkagegmail,fablinkagegmail
lrico,del
fotocopias,fotocopie
futurismo,futurismo
premiada,premiata
contribuido,contribuito
consulares,consolare
den,regole
bvedas,volte
naturaleza,naturaleza
talentos,nuovi
premio,per
obra,lopera
acercar,avicinare
ferocaril,feroviarie
movimientos,movimenti
pertenecientes,apartenenti
temas,temi
informativo,informativo
lily,lily
otras,altre
comida,cibo
ad,ad
si,se
completa,pronto
apreciado,aprezato
toreblanca,toreblanca
debern,devono
sin,senza
progreso,progreso
decorador,decoratore
respuestas,risposte
domiciano,domiziano
profundas,profondi
imita,marmi
borel,borel
fatal,fatale
tuvieron,svolte
repasando,ripresi
agraciadas,legiadre
entregar,consegnare
salavera,salavera
thysenbornemisza,thysenbornemisza
festival,festival
fuera,fuori
salud,ala
m,me
escritora,scritrice
extraordinaria,straordinaria
litaliano,litaliano
belas,bele
oficina,deluficio
coincidencia,condivisione
direcin,indirizo
ordinariedad,ordinariet
credenciales,credenziali
melozo,melozo
emprendimiento,listruzione
contenida,contenuto
confederacin,confederacin
teritorio,teritorio
nace,nasce
lxico,lesico
bergamascos,bergamaschi
neoclsicos,neoclasici
proveniencia,incorpora
refleja,riflete
infantil,infantile
adoracin,adorazione
semestre,semestre
europeo,europeo
amaldi,amaldi
estados,stati
hubiera,avere
gomera,cremades
globales,globali
periodista,giornalista
interactuar,interagire
cifra,limporto
dcima,dei
efectuar,efetuare
residentes,residente
principales,consigliamo
unificada,unificata
capocotariserva,capocotariserva
emporio,emporio
trfico,trafico
capocota,capocota
ruanda,ruanda
programacin,programa
calboli,calboli
estero,estero
cercanas,vicine
puestos,risultano
dalfonos,dalfonso
valor,valore
patrocinio,patrocinio
heridas,ferite
viernes,venerd
figuras,figure
italfona,italofona
sponsor,sponsor
lienzo,tela
consolare,consolare
metrala,mitraglia
estadsticas,statistiche
organizados,organizati
conoca,indicato
profesora,scuola
suma,versato
uno,cui
evitar,prevenire
respecto,sistema
fotogrfica,fotografica
publicadas,publicate
ferari,ferari
ninguna,alcuna
eventos,eventi
it,it
del,al
matarela,matarela
presidenciales,presidenziale
coloquio,coloquio
porte,porte
troncos,legno
blanco,bianco
censado,registrato
tiempo,tempo
rosa,","
busolanti,busolanti
organizada,organizata
station,westland
capeln,capelano
revolucionaria,rivoluzionaria
realizarse,realizarsi
gaia,.
domingos,domeniche
hospitalidad,ospitalit
color,color
efectiva,valida
dicembre,dicembre
aqu,qui
parla,parla
su,esere
fsicas,fisiche
suelen,usate
consolidad,consolidata
intrprete,interprete
incluya,istruzione
abri,aperto
promover,promuovere
ofice,ofice
literatos,leterati
damilano,damilano
pintada,dipinta
amarila,giala
basada,basata
partir,dal
argentina,americano
canfranc,canfranc
vivace,vivace
periodo,periodo
florales,floreali
ocupaciones,profesioni
diseadores,ispirato
consistir,comprendere
cascio,cascio
quin,chi
obtener,otenere
nivel,livelo
escudo,scudo
simplicidad,semplicit
temporada,stagione
distribucin,distribuzione
emergencia,emergenza
avanza,avanza
financiera,finanziario
pontificia,pontificia
puede,pu
paisaje,paesagio
excelentes,ecelenti
abc,abc
magnficas,magnifiche
simplemente,semplice
maylica,maiolica
internacionalizar,internazionale
teatro,teatro
angelini,angelini
economa,politica
giancarlo,giancarlo
sperduti,sperduti
bienvenidos,bienvenidos
proyect,proget
emitido,dipender
italy,in
napolenica,napoleonica
rosado,opera
actividad,politica
asumido,servizio
momento,momento
socias,socie
migratorias,migratorie
casa,","
barone,barone
respaldos,schienali
calurosa,calorosa
canes,canes
afectadas,colpite
solicitud,discrizione
dicho,il
excelente,lecelente
proveniente,proveniente
horas,ore
entrevistado,gentiloni
aposentos,stanze
xi,xi
dels,avenida
fechas,date
comendatore,comendatore
ofrecido,oferto
bestia,bestia
legalidad,legalit
francesca,francesca
actores,atori
gilo,","
depero,depero
reforzar,raforzare
sobre,non
gratuita,gratuito
acta,ato
inminentes,iminenti
delordine,merito
molina,molina
dedicados,dedicati
spaneda,spaneda
estudiar,esaminare
debi,doveva
particularmente,specializata
majestuoso,maestoso
pinturas,dipinti
ideolgicos,ideologiche
kermese,kermese
fabrication,fabrication
alesandro,barico
ilustre,lilustre
grados,corsi
benito,benito
informarse,lorario
mercedes,mercedes
intervinieron,intervenuti
revisin,revisione
disonante,imprese
humus,lhumus
italiamrica,italiamerica
permita,consentiva
contralor,comptroler
desarolo,svilupo
gijn,gijn
afirmacin,lafermazione
gastronoma,gastronomia
franceschini,franceschini
culmina,culmina
oportunit,oportunit
puertas,porte
deste,deste
verona,verona
amigos,amici
cita,.
trayectoria,profesionale
jos,jos
carlos,carlos
tantos,sono
felice,felice
aportados,societ
nombre,nome
ofrecida,realizato
clausura,conclusiva
votacin,votazione
pies,piedi
mismos,stesi
modernidad,modernit
xitos,sucesi
literaria,critica
comn,comune
realiz,realizato
maker,faire
asistimos,asistiamo
cardinales,cardinali
streaming,streaming
conmemorativo,comemorativo
trayendo,portando
e,ed
pasione,pasione
acompa,che
construcin,costruzione
medianas,partner
contenido,contenuto
trafican,trafico
boceto,bozeto
liturgia,liturgia
ensalzado,elevato
permiso,pasaporto
fotografas,fotografie
joven,giovane
constitucional,costituzionale
recuerdo,ricordo
general,generale
cuestionar,contestare
vinci,vinci
proyectos,progeti
presidencia,presidenza
basta,basti
riqueza,richeza
fragmento,framento
descifran,decifrano
explcitas,espliciti
cibum,cibum
hemos,abiamo
ofrece,ofre
machi,machi
ernesto,ernesto
ana,ana
otra,altro
recuerdos,ricordi
corua,almera
jacques,jacques
inaugurada,inaugurata
voluntario,volontario
dcimosegundo,dodicesimo
cantabria,cantabria
rincn,rincn
alesandra,alesandra
humano,umano
espinosa,espinosa
garca,garca
existencia,delesistenza
martima,maritimi
vital,vitale
mrgenes,margini
estratgico,caratere
cuarteles,caserma
rod,rod
vida,vita
agua,agua
registrado,registrato
alternan,piture
clases,clasi
precisamente,agroalimentare
culpas,colpe
escultor,scultore
decadencia,decadenza
siria,ogi
lacale,lacale
cabildo,cabildo
productivas,produtive
ahoros,estrati
misin,misione
cales,era
forestales,forestali
laicos,laici
diplomados,diplomati
complejidad,complesit
carcter,caratere
exterior,estero
marchiori,marchiori
grecia,grecia
york,york
institucin,listituzione
celebrando,celebrando
rafaelo,rafaelo
retorno,ritorno
desarolado,svilupato
desafiaron,sfidarono
recoridos,percorsi
lager,lager
audiencia,audiencia
empleo,non
aplicacin,aplicazione
federazione,federazione
clientes,clienti
sugestin,sugestione
renovacin,rinovamento
bergonzoni,bergonzoni
britnicos,inglesi
tenido,dovuto
permiten,permetono
armeno,armeno
era,toledo
nacional,nazionale
actual,nelatuale
dictar,deta
regional,regionale
rouset,rouset
polica,sochna
especialidad,specialit
vara,","
contempornea,contemporanea
equipamientos,aparechiature
revestimiento,rivestimento
coptacin,manterano
betancourt,betancourt
permitido,permeso
rutinarias,ordinarie
riparbela,riparbela
vctimas,vitime
cultural,culturale
instalacin,lalestimento
ideal,ideal
martina,martina
busines,busines
recaudacin,deliniziativa
flujos,flusi
etve,etve
agradecimiento,aprezamento
tobas,tobas
saverio,saverio
rafael,rafaelo
conclusiones,conclusioni
consiste,consiste
aranca,via
profundo,profondo
pao,parte
polticos,politici
descubri,scoperto
simulan,simulano
valentino,valentino
ilex,","
exteriores,concesi
oponerse,oporsi
inauguracin,inaugurazione
erasmus,erasmus
consorcio,consorzio
palau,palau
ordua,ordua
participacin,partecipazione
glamour,glamour
textos,testi
regin,regione
bancaja,bancaja
federighi,federighi
relaciones,raporti
dei,dei
ercole,ercole
expresiones,espresioni
pases,ed
registro,registro
acorde,paso
paisajsticos,paesagistici
iniciativas,iniziative
as,a
oscilar,iniziare
telfono,telefono
club,il
estos,questi
saluda,saluta
tasi,","
expuesta,esposta
arquitectnicas,architetoniche
and,and
condado,contea
ley,lege
sapiencia,combinare
makespace,makespace
peticin,petizione
contribuyendo,contribuendo
susceptibles,suscetibili
agostino,agostino
favorecido,favorito
contornos,contorni
visitada,visitata
viverealitaliana,viverealitaliana
teide,tenerife
poblaciones,popolazioni
procede,proviene
departamento,dipartimento
sirvieron,servito
reducirse,ridota
comerciando,colaborazione
expositores,espositori
asignara,asegner
musesticas,museali
levado,paese
dedic,dedicato
alejandro,spagnolo
modos,modi
hon,","
especializado,specializato
u,.
confortador,contribuire
reconocido,riconosciuto
prxima,prosima
cine,cine
pagano,pagano
vergano,vergano
farli,farli
hacerlo,consolari
alfonso,alfonso
tercera,terza
sociales,sociali
heroicidad,deleroicit
crdito,pasaporto
benaroch,elena
ocupado,ricoperto
fresco,afresco
inscribirse,iscriversi
septiembre,setembre
sitio,sito
lados,delarazo
enriquecido,arichito
hacer,fare
cosano,cosano
presentan,presentano
guilas,aquile
i,i
ganador,vinto
ebanistas,ebanisti
o,o
canova,canova
vitorio,vitorio
paper,paper
ejemplo,esempio
exploran,esplorano
ven,sono
ecosistemas,ecosistemi
causa,causa
gneros,generi
tiepolo,tiepolo
generado,generate
pr,pr
prctica,creativa
cados,caduti
listas,liste
hombre,uomo
vice,vice
cinematogrfico,cinematografico
landini,landini
chefs,chef
ensayo,sagio
renovados,rinovati
representante,rapresentante
asistieron,numerose
superacin,superamento
beneficiencia,beneficenza
medala,medaglia
latinoamericana,latinoamericana
arquelogos,archeologi
escenario,scenario
cmo,com
aceitero,carlos
gozado,stato
quercus,crenata
autobs,autobus
decoraban,decoravano
pueda,posa
demostrado,imposta
actor,atore
gastronmicas,gastronomica
clara,chiara
largo,lungo
grande,grande
salvador,carmona
luas,n
carnets,patenti
ngela,molina
open,open
red,rete
generaliespa,generalispagna
constructivo,costrutivo
reader,reader
fod,fod
antonio,antonio
concepto,conceto
econmicos,economici
cuatro,quatro
abusos,abusi
ciclos,cicli
perla,perla
impulsando,stimolando
augusto,augusto
inmigrantes,alautoimpresa
notan,notano
vehculos,veicoli
recordarlo,desiderasero
anunciacin,lanunciazione
miembro,membro
trinchera,repertorio
concebido,concepito
heramienta,strumento
rosales,rosales
elegida,scelta
colaboradora,colaboratrice
salus,salus
visibilidad,visibilit
consultar,consultare
pronunci,pronunciato
artemisia,artemisia
creacin,lavio
intensas,intense
domina,afaciato
neutrinos,geofisica
futuros,futuri
institucional,istituzionale
ceremonia,cerimonia
encuentros,incontri
fil,fil
marco,marco
trataba,tratava
totalidad,totalit
espritu,spirito
podra,potrebe
poleti,poleti
indivisibles,indivisibili
vene,giovani
escena,scena
escrito,scrito
panthen,pantheon
vasco,baschi
petra,nemcova
propietarios,proprietari
testimonio,testimonia
democrazie,democrazie
pone,prende
modalidad,modalit
felicitado,congratulati
bravo,bravo
ceu,ceu
governo,governo
sobrina,ebri
indicar,segnalare
ceo,ceo
contemporneos,contemporanei
giusepe,giusepe
implcita,implicita
cuya,la
isla,girona
moderado,moderato
sufri,sub
personales,personali
rganos,organi
actuaciones,performance
aladas,alate
ciudades,penisola
livermore,livermore
italoespaol,italospagnolo
publicado,publicato
bernardino,bernardino
musical,musicale
conservacin,conservative
patronato,patronato
creada,realizata
women,women
bambin,bambin
continuacin,labigliamento
pisos,piani
dedicada,dedicata
ventanas,finestre
reunido,incontrato
tirado,tirado
credit,credit
armadas,armate
tena,aveva
zarzuela,zarzuela
radio,radio
remodelacin,compiuto
presencia,presenza
bloqueadas,blocate
escolares,scolastici
almodvar,almodvar
total,totale
sinimo,sinonimo
adhieren,aderiscono
permite,permete
posterior,posano
saras,saras
internazionali,internazionali
recepcin,ricevimento
mostrador,richiesta
haba,","
propuesto,deciso
lancieri,lancieri
stefano,stefano
cohesivas,coesive
evaluado,valutato
arestado,arestato
ilustran,campestre
marchmont,marchmont
les,le
reafirmar,riafermino
remitirlo,trasmeterlo
futurista,futurista
hurtado,hurtado
francesa,francese
banco,banco
prcticas,tirocini
rutger,rutger
cuarta,quarto
subcontinente,subcontinente
planta,tera
sufren,subiscono
migrantes,traciato
lderes,leader
posiciones,posizioni
escenas,scene
kounelis,kounelis
araigada,radicata
proponen,propone
numero,mayor
prensa,stampa
verdi,verdi
inter,delinter
giacomo,giacomo
motor,motore
leonardo,leonardo
referencia,riferimento
marcinele,marcinele
ayuntamientos,determinati
apunten,finalizata
cofe,filipo
bebedor,bevitore
presenta,teramadre
prueba,alo
ocasiones,ocasioni
rajoy,rajoy
presidencias,ungherese
romanos,romani
madera,rivestita
estudio,studio
centros,centri
vinos,oferti
tribunal,corte
jans,jans
cerado,sociali
inversor,investitore
baslica,basilica
requisito,requisito
fbricas,fabriche
concluye,chiude
osce,osce
espectculo,spetacolo
anticorupcin,anticorupcin
elenco,elenco
entra,resta
realizando,realizando
delito,frode
ditalia,stela
personas,persone
ciere,chiusura
giani,giani
parlamentos,parlamenti
he,ho
tpica,tipica
inmediatamente,imediatamente
acadmicas,academiche
distrubuidos,distribuiti
delitaliano,delitaliano
sebastiani,sebastiani
mobiliario,mobilio
pavimento,elemento
sugestivos,sugestive
diversidad,diversit
executive,lexecutive
convicin,convinzione
aniversarios,aniversari
enit,enit
repeticin,reiterarsi
coresponsales,corispondenti
carete,marco
rampas,ampio
candidaturas,candidature
entrenador,alenatore
rseau,rseau
euro,euro
panificadores,panificatori
conjugar,coniugare
dcimas,decimi
acesible,acesibile
recibido,ricevuto
link,link
cedi,il
extranjero,alestero
comportan,comportano
poderes,diversi
trminos,termini
repite,ripetuta
teresa,cunilera
endesa,endesa
ruta,ruta
dirigidas,direte
ridas,locali
josep,josep
eco,a
sigue,segue
motivacin,motivazione
prlogo,prologo
maltesa,greca
andis,andis
acuerdo,acordo
raros,rari
creando,creando
horarios,orari
itinerarios,percorsi
abrirse,aprirsi
cmica,comica
cabr,e
pavaroti,pavaroti
japonesa,giaponese
colecionistas,colezionisti
desarola,svilupa
giornata,giornata
aperitivos,tradizione
instruciones,istruzioni
rupi,rupi
estrategia,strategia
recorido,percorso
redonda,rotonda
adhesin,alunione
fechada,databile
bienes,beni
electrnica,leletronica
sonido,suono
cerecedo,cerecedo
pocas,opere
public,public
conciertos,concerti
svres,svres
cuba,costa
paisajes,paesagi
pruebas,prove
beneficio,favore
nueva,nuova
orazio,orazio
regionales,organizazioni
ideado,ideato
suscitado,sofisticate
bolivia,bolivia
cercano,vicino
menos,meno
debatido,afrontati
boiserie,boiserie
foto,","
concluy,chiuso
corazn,cuore
mensajeros,mensajeros
mientras,mentre
torero,torero
hortofrutcola,ortofruticola
ngeles,angeles
tamao,misura
consulados,consolati
creciendo,crescendo
ideologa,alideologia
histricos,storici
beorja,lasheras
derecha,destra
abejas,api
quinto,quinto
stilnovo,stilnovo
racismo,guardia
depende,dipende
sustituye,sostituisce
directivos,dirigenti
continental,continentale
prestigiosa,prestigiosa
edificios,edifici
the,the
organizaron,organizato
completamente,completamente
analiz,con
befana,befana
socorista,socoritore
interpretaba,interpretato
viejas,antiche
estatuto,statuto
lengua,lingua
piti,piti
sistema,prstv
navidea,navidea
boglio,boglio
deberamos,dovremo
necesidad,necesit
porcelanas,porcelane
regiones,regioni
paz,pace
reas,are
mosaico,mosaico
operacin,frontex
italana,nelera
criterios,criteri
decora,decora
complejo,compleso
ejecutiva,esecutivo
moral,europea
mini,mini
sefaradisrael,sefaradisrael
catalogna,catalogna
dems,resto
disponibilidad,disponibilit
obtiene,otiene
recuento,ricontegio
deberes,doveri
eficaces,eficaci
plaza,piaza
alimentario,alimentari
secretaria,alistruzione
amigable,acoglienza
listri,listri
agencias,agencias
civiles,registrati
administrativa,aministrativa
judith,judith
exposicin,lesposizione
tragedia,tragedia
graves,gravi
misiones,misioni
valentn,gran
tendr,che
conservado,mantenuto
precordios,precordi
inteligencia,inteligenza
irlanda,irlanda
muozalonso,muozalonso
ortofruticoli,ortofruticoli
interdependencia,interdipendenza
anuncio,anuncio
artesana,artigianato
duque,duca
modrone,modrone
ms,o
castilala,castilala
turn,torino
atenuar,atenuare
imperiales,imperiales
ciencia,scienza
dele,dele
prximas,setimane
abejoros,calabroni
quirinale,quirinale
semanas,setimane
convocatoria,partecipare
familia,famiglia
incompatibles,incompatibili
pasamos,pasa
circunscripciones,constituencies
electos,anche
decorado,laredo
ala,","
aplicando,aplicando
afirm,discorso
donada,donata
utilizaba,adibita
certificado,certificato
.,.
trata,trata
partida,partenza
espumoso,spumante
faire,rome
habitual,abituale
tiene,aviene
energia,energia
autora,lautrice
despus,seguito
felipe,felipe
balcn,balcone
cantalupo,cantalupo
hebrea,ebraica
catedral,catedrale
realizaron,basamenti
generacin,generazione
comisario,comisario
ila,delila
riserva,riserva
material,materiale
selo,de
scarlati,scarlati
flamenca,flamenca
secin,sezione
ic,delic
ponencia,lintervento
realizacin,atuazione
idioma,dialeto
alojar,ospitare
htpferiainternacional,htpferiainternacional
legislaciones,legislazioni
obtenidos,otenuti
paneles,paneli
ramn,ramn
conferenciadebate,conferenzadibatito
east,east
construy,mascarino
multipantala,divulgativo
talado,dagli
semana,setimana
paso,paso
presentadora,presentatrice
policiales,delordine
lder,del
gastos,spesa
mani,mani
antoneli,antoneli
selecionador,comisario
italiano,italiano
comunican,diretamente
materias,prime
colabora,colabora
prestablecidos,prestabiliti
atribuir,queli
escuche,voce
determina,determina
apm,apm
calidad,qualit
lnea,sia
pudientes,posidenti
disponible,disponibile
flaminio,flaminio
eurodiputado,diventare
paulina,paolina
idi,idi
aceder,acedere
condolencias,condoglianze
eror,creare
hija,di
ofrecer,ofrire
facilitan,publicazione
lacas,lache
made,made
conocedor,conoscitore
colinas,base
ltimos,ultimi
dinmica,dinamica
monarca,monarca
constituye,costituisce
sea,sia
crucial,primaria
completo,pieno
podran,potrebero
desigualdades,disuguaglianze
quirinal,quirinale
globalizacin,globalizazione
malabaristas,malabaristas
florencia,firenze
fresca,fresca
sabe,sabe
ariadna,ariana
mozarela,mozarela
craxi,aprile
pactos,stato
previamente,precisato
albertini,demetrio
designado,designato
basilico,basilico
insuficiente,insuficiente
zonas,zone
creo,credo
corporativa,dimpresa
alfabtico,alfabetico
similar,laspeto
suplentes,suplenti
fieles,fedeli
calao,calao
previstos,visita
fracasi,fracasi
mncn,mncn
esos,i
tomaso,tomaso
localidad,localit
consolidar,sancito
susana,susana
campo,lasciare
botelas,botiglie
lab,lab
merino,merino
sobreponen,sovrapongono
vision,vision
editado,edito
plantas,racontare
cuenta,avale
archivos,richisimi
perugia,rapresenta
organiz,organizato
trastornado,sconvolto
celebr,sera
pace,pace
naturalistas,naturalistici
encomiables,encomiabili
ciudadanos,citadini
gaspar,gaspare
consejo,consiglio
siguiente,seguente
idas,landare
gubernativa,governativa
holocausto,delolocausto
director,diretore
tereno,tereno
emergentes,emergenti
transferible,trasferibile
once,undici
pier,pier
itpaese,afari
asti,dasti
fuente,fonte
fotografia,fotografia
fecha,del
fecsa,fecsa
participa,partecipa
spi,spi
algunos,alcuni
maquinaria,trovano
bicswift,bicswift
ibrica,ibrica
propia,proprio
di,di
fruit,fruit
carolina,carolina
womans,womans
saboya,savoia
evolucin,landamento
estadio,stadio
inmaterial,imateriale
profesores,profesori
marzo,marzo
solana,solana
len,","
invierno,linverno
campos,campi
autor,oltre
antimafia,antimafia
estudiosos,docenti
morente,morituro
druso,magiore
mr,mr
etro,etro
quince,quindici
romano,romano
infeciones,infezioni
pobreza,povert
croce,croce
maria,maria
misa,in
court,court
lecin,lezione
exponer,espore
dale,dale
dotacin,stanziata
crtica,critica
construida,costruito
mismas,ale
embajadas,ambasciate
dio,dato
estilos,stili
alicante,insieme
invitado,ospite
salones,saloni
provenientes,provenienti
inversiones,internazionali
durini,durini
vastsima,vastisima
autorizados,autorizati
brusati,brusati
dop,dop
satlites,satelitare
lider,guid
farineti,farineti
luigi,luigi
inexorablemente,inesorabilmente
come,come
papas,papi
ela,dale
vencida,vinta
mecadilo,mercatino
persistente,perdurante
dibujo,disegno
sabr,sapr
claudio,claudio
edicin,edizione
manifiestan,manifestino
esforzarme,sforzarmi
modo,di
automticamente,automaticamente
supervisin,supervisione
cuty,cuty
declaracin,dichiarazione
categora,gourmet
ministros,ministro
amplia,ampia
dirigentes,vertici
valensise,valensise
escritor,scritore
ignacio,ignacio
nicoleta,negrini
activos,ativi
implica,implica
coradi,coradi
militares,militari
soprano,soprano
romances,romanze
ignorancia,ragione
comprende,comprende
hotmail,hotmail
respetar,aceso
temporal,temporaneo
language,language
mencionar,indicherei
pomodoro,pomodoro
superar,superare
proseda,proseda
juramento,giuramento
dotar,la
consumido,consumato
asignados,asegnati
discutidos,discusi
stas,ese
azuro,azura
giuoco,giuoco
seis,sei
creativo,creativo
detalado,detagliato
incluido,incluso
capaces,capaci
clare,clare
laboureur,laboureur
tradicin,tradizione
elcano,elcano
policy,policy
trasposicin,trasposizione
balet,baleto
reloj,orologio
excedente,unecedenza
aspectos,aspeti
comunit,mondiale
recuerda,ricorda
alfabetizacin,alfabetizazione
fortalecer,raforzare
posteriormente,sucesivamente
internados,internati
procesal,procesuale
corecto,coreteza
referidos,riferiti
pablo,pablo
profesorado,profesori
bienvenida,benvenuto
vigilados,ombreli
domenico,domenico
diplomtico,diplomatico
dos,due
arquitectnico,architetonico
retablo,pala
etore,etore
moavero,moavero
bruni,bruni
catstrofes,disastri
metro,metro
afianza,consolida
asia,asia
desde,dal
publica,publicato
problemas,problemi
clic,clica
propiedades,propriet
marcado,scandito
embajada,entrambe
alojamientos,abitazioni
nel,nel
pilar,sacristn
nuestro,nostro
angelino,angelino
mondadori,mondadori
orgenes,origini
pelizolo,pelizolo
alberto,alberto
research,research
consumo,consumo
firmado,firmato
ido,","
mujer,premio
considera,ritiene
inferior,inferiori
derecho,dirito
psoe,psoe
antesala,anticamera
pblico,delerario
nimo,profit
simbolizando,simbolegiare
santagata,santagata
dentro,alinterno
turstica,sicilia
visto,visto
meisen,meisen
limpieza,pulizia
relevante,rilevante
hortofrutculas,ortofruticoli
prandeli,prandeli
ayudas,aiuti
francia,francia
acompados,acompagnati
gentiloni,gentiloni
cima,ai
prev,prevede
trasladados,spostati
consolas,consoles
colaboradores,colaboratori
legue,prega
prevista,prevista
defensa,difesa
argeles,argeles
h,.
multilaterales,multilaterali
censal,testimoni
sonidos,suoni
italfono,italofono
caer,caduta
estabilidad,internazionale
est,del
internet,internet
museos,regno
salame,salame
escritos,scriti
nulas,lintera
mayores,magiori
publicacin,publicazione
gastone,gastone
registrados,registrato
animas,anonime
enmienda,amendment
vidrio,vetro
